Date,month,day,year,Section,Species,Length,Tag 1,Tag 2,Time,Temp,recap,PIT
8/13/18,8,13,2018,38,B_Bullhead,192,98212605177,3669,,,,773669
8/13/18,8,13,2018,38,B_Bullhead,199,98212605177,3671,,,,773671
8/13/18,8,13,2018,38,B_Bullhead,195,98212605177,3673,,,,773673
8/13/18,8,13,2018,38,B_Bullhead,195,98212605177,3676,,,,773676
8/13/18,8,13,2018,38,B_Bullhead,198,98212605177,3678,,,,773678
8/13/18,8,13,2018,38,B_Bullhead,206,98212605177,3679,,,,773679
8/13/18,8,13,2018,38,B_Bullhead,200,98212605177,3680,,,,773680
8/13/18,8,13,2018,38,B_Bullhead,185,98212605177,3683,,,,773683
8/13/18,8,13,2018,38,B_Bullhead,195,98212605177,3685,,,,773685
8/13/18,8,13,2018,38,B_Bullhead,196,98212605177,3686,,,,773686
8/13/18,8,13,2018,38,B_Bullhead,182,98212605177,3687,,,,773687
8/13/18,8,13,2018,38,B_Bullhead,220,98212605177,3691,,,,773691
8/13/18,8,13,2018,38,B_Bullhead,217,98212605177,3695,,,,773695
8/13/18,8,13,2018,38,B_Bullhead,188,98212605177,3697,,,,773697
8/13/18,8,13,2018,38,B_Bullhead,211,98212605177,3699,,,,773699
8/13/18,8,13,2018,38,B_Bullhead,200,98212605177,3700,,,,773700
8/13/18,8,13,2018,38,B_Bullhead,209,98212605177,3701,,,,773701
8/13/18,8,13,2018,38,B_Bullhead,240,98212605177,3704,,,,773704
8/13/18,8,13,2018,38,B_Bullhead,200,98212605177,3705,,,,773705
8/13/18,8,13,2018,38,B_Bullhead,191,98212605177,3710,,,,773710
8/13/18,8,13,2018,38,B_Bullhead,183,98212605177,3711,,,,773711
8/13/18,8,13,2018,38,B_Bullhead,196,98212605177,3714,,,,773714
8/13/18,8,13,2018,38,B_Bullhead,199,98212605177,3716,,,,773716
8/13/18,8,13,2018,38,B_Bullhead,182,98212605177,3717,,,,773717
8/13/18,8,13,2018,38,B_Bullhead,230,98212605177,3719,,,,773719
8/13/18,8,13,2018,38,B_Bullhead,181,98212605177,3721,,,,773721
8/13/18,8,13,2018,38,B_Bullhead,221,98212605177,3724,,,,773724
8/13/18,8,13,2018,38,B_Bullhead,190,98212605177,3725,,,,773725
8/13/18,8,13,2018,38,B_Bullhead,200,98212605177,3726,,,,773726
8/13/18,8,13,2018,38,B_Bullhead,193,98212605177,3729,,,,773729
8/13/18,8,13,2018,38,B_Bullhead,200,98212605177,3732,,,,773732
8/13/18,8,13,2018,38,B_Bullhead,202,98212605177,3733,,,,773733
8/13/18,8,13,2018,38,B_Bullhead,193,98212605177,3735,,,,773735
8/13/18,8,13,2018,38,B_Bullhead,208,98212605177,3736,,,,773736
8/13/18,8,13,2018,38,B_Bullhead,183,98212605177,3737,,,,773737
8/13/18,8,13,2018,38,B_Bullhead,202,98212605177,3740,,,,773740
8/13/18,8,13,2018,38,B_Bullhead,205,98212605177,3748,,,,773748
8/13/18,8,13,2018,38,B_Bullhead,190,98212605177,3749,,,,773749
8/13/18,8,13,2018,38,B_Bullhead,200,98212605177,3753,,,,773753
8/13/18,8,13,2018,38,B_Bullhead,195,98212605177,3754,,,,773754
8/13/18,8,13,2018,38,B_Bullhead,190,98212605177,3755,,,,773755
8/13/18,8,13,2018,38,B_Bullhead,200,98212605177,3759,,,,773759
8/13/18,8,13,2018,38,B_Bullhead,194,98212605177,3761,,,,773761
8/13/18,8,13,2018,38,B_Bullhead,203,98212605177,3762,,,,773762
8/13/18,8,13,2018,38,B_Bullhead,197,98212605177,3763,,,,773763
8/13/18,8,13,2018,38,B_Bullhead,195,98212605177,4244,,,,774244
8/14/18,8,14,2018,13,B_Bullhead,228,98212605177,3569,,,,773569
8/16/18,8,16,2018,38,B_Bullhead,205,98212605177,3274,,,,773274
8/16/18,8,16,2018,38,B_Bullhead,210,98212605177,3344,,,,773344
8/16/18,8,16,2018,38,B_Bullhead,180,98212605177,3360,,,,773360
8/16/18,8,16,2018,40,B_Bullhead,280,98212605177,3328,,,,773328
8/16/18,8,16,2018,40,B_Bullhead,220,98212605177,3349,,,,773349
8/16/18,8,16,2018,40,B_Bullhead,190,98212605177,3361,,,,773361
8/16/18,8,16,2018,40,B_Bullhead,230,98212605177,3603,,,,773603
8/16/18,8,16,2018,40,B_Bullhead,205,98212605177,3611,,,,773611
8/17/18,8,17,2018,32,B_Bullhead,220,98212605177,4606,,,,774606
8/17/18,8,17,2018,32,B_Bullhead,180,98212605177,4622,,,,774622
8/17/18,8,17,2018,32,B_Bullhead,220,98212605177,4631,,,,774631
8/17/18,8,17,2018,32,B_Bullhead,200,98212605177,4633,,,,774633
8/17/18,8,17,2018,32,B_Bullhead,240,98212605177,4640,,,,774640
8/17/18,8,17,2018,32,B_Bullhead,218,98212605177,4729,,,,774729
8/17/18,8,17,2018,43,B_Bullhead,208,98212605177,3276,,,,773276
8/17/18,8,17,2018,43,B_Bullhead,210,98212605177,3286,,,,773286
8/17/18,8,17,2018,43,B_Bullhead,210,98212605177,4694,,,,774694
8/17/18,8,17,2018,43,B_Bullhead,240,98212605177,4700,,,,774700
8/17/18,8,17,2018,43,B_Bullhead,210,98212605177,4712,,,,774712
8/17/18,8,17,2018,43,B_Bullhead,190,98212605177,4716,,,,774716
8/17/18,8,17,2018,43,B_Bullhead,200,98212605177,4728,,,,774728
8/17/18,8,17,2018,43,B_Bullhead,200,98212605177,4752,,,,774752
8/21/18,8,21,2018,1,B_Bullhead,207,98212605177,3559,,,,773559
8/21/18,8,21,2018,2,B_Bullhead,190,98212605177,3504,,,,773504
8/21/18,8,21,2018,2,B_Bullhead,208,98212605177,3798,,,,773798
8/21/18,8,21,2018,3,B_Bullhead,188,98212605177,3415,,,,773415
8/21/18,8,21,2018,3,B_Bullhead,198,98212605177,3420,,,,773420
8/21/18,8,21,2018,3,B_Bullhead,209,98212605177,3423,,,,773423
8/21/18,8,21,2018,3,B_Bullhead,196,98212605177,3430,,,,773430
8/21/18,8,21,2018,3,B_Bullhead,207,98212605177,3442,,,,773442
8/21/18,8,21,2018,3,B_Bullhead,202,98212605177,3454,,,,773454
8/21/18,8,21,2018,23,B_Bullhead,178,98212605177,3368,,,,773368
8/21/18,8,21,2018,23,B_Bullhead,223,98212605177,3382,,,,773382
8/21/18,8,21,2018,23,B_Bullhead,204,98212605177,3385,,,,773385
8/21/18,8,21,2018,23,B_Bullhead,225,98212605177,3390,,,,773390
8/21/18,8,21,2018,23,B_Bullhead,233,98212605177,3409,,,,773409
8/21/18,8,21,2018,23,B_Bullhead,184,98212605177,3422,,,,773422
8/21/18,8,21,2018,23,B_Bullhead,210,98212605177,3441,,,,773441
8/21/18,8,21,2018,23,B_Bullhead,196,98212605177,3827,,,,773827
8/21/18,8,21,2018,23,B_Bullhead,195,98212605177,3841,,,,773841
8/21/18,8,21,2018,23,B_Bullhead,198,98212605177,4798,,,,774798
8/21/18,8,21,2018,23,B_Bullhead,187,98212605177,4811,,,,774811
8/21/18,8,21,2018,23,B_Bullhead,251,98212605177,4832,,,,774832
8/21/18,8,21,2018,23,B_Bullhead,200,98212605177,4844,,,,774844
8/21/18,8,21,2018,23,B_Bullhead,212,98212605177,4851,,,,774851
8/21/18,8,21,2018,23,B_Bullhead,186,98212605177,4853,,,,774853
8/21/18,8,21,2018,23,B_Bullhead,212,98212605177,4858,,,,774858
8/21/18,8,21,2018,23,B_Bullhead,190,98212605177,4860,,,,774860
8/21/18,8,21,2018,23,B_Bullhead,200,98212605177,4861,,,,774861
8/21/18,8,21,2018,23,B_Bullhead,199,98212605177,4862,,,,774862
8/21/18,8,21,2018,32,B_Bullhead,209,98212605177,3389,,,,773389
8/21/18,8,21,2018,45,B_Bullhead,210,98212605177,3421,,,,773421
8/22/18,8,22,2018,12,B_Bullhead,191,98212605177,4863,,,,774863
8/22/18,8,22,2018,21,B_Bullhead,203,98212605177,3379,,,,773379
8/22/18,8,22,2018,21,B_Bullhead,232,98212605177,4785,,,,774785
8/22/18,8,22,2018,21,B_Bullhead,202,98212605177,4786,,,,774786
8/22/18,8,22,2018,21,B_Bullhead,197,98212605177,4793,,,,774793
8/22/18,8,22,2018,21,B_Bullhead,180,98212605177,4800,,,,774800
8/22/18,8,22,2018,21,B_Bullhead,215,98212605177,4803,,,,774803
8/22/18,8,22,2018,21,B_Bullhead,199,98212605177,4820,,,,774820
8/22/18,8,22,2018,21,B_Bullhead,180,98212605177,4831,,,,774831
8/22/18,8,22,2018,21,B_Bullhead,220,98212605177,4852,,,,774852
8/22/18,8,22,2018,21,B_Bullhead,115,98212605177,4864,,,,774864
8/22/18,8,22,2018,21,B_Bullhead,187,98212605177,4998,,,,774998
8/22/18,8,22,2018,21,B_Bullhead,190,98212605177,5030,,,,775030
8/22/18,8,22,2018,21,B_Bullhead,198,98212605177,5047,,,,775047
8/22/18,8,22,2018,38,B_Bullhead,208,98212605177,4772,,,,774772
8/22/18,8,22,2018,38,B_Bullhead,199,98212605177,4789,,,,774789
8/22/18,8,22,2018,38,B_Bullhead,200,98212605177,4819,,,,774819
8/22/18,8,22,2018,23,B_Bullhead,190,98212605177,4777,,,,774777
8/22/18,8,22,2018,23,B_Bullhead,190,98212605177,4806,,,,774806
8/22/18,8,22,2018,23,B_Bullhead,205,98212605177,4859,,,,774859
8/22/18,8,22,2018,23,B_Bullhead,180,98212605177,4855,,,,774855
8/22/18,8,22,2018,23,B_Bullhead,191,98212605177,4840,,,,774840
8/22/18,8,22,2018,23,B_Bullhead,205,98212605177,4867,,,,774867
8/22/18,8,22,2018,26,B_Bullhead,230,98212605177,4824,,,,774824
8/22/18,8,22,2018,26,B_Bullhead,203,98212605177,4814,,,,774814
8/22/18,8,22,2018,26,B_Bullhead,201,98212605177,4802,,,,774802
8/22/18,8,22,2018,26,B_Bullhead,182,98212605177,4848,,,,774848
8/22/18,8,22,2018,26,B_Bullhead,170,98212605177,4797,,,,774797
8/22/18,8,22,2018,26,B_Bullhead,200,98212605177,4805,,,,774805
8/22/18,8,22,2018,26,B_Bullhead,208,98212605177,4792,,,,774792
8/22/18,8,22,2018,26,B_Bullhead,240,98212605177,4780,,,,774780
8/22/18,8,22,2018,26,B_Bullhead,162,98212605177,4794,,,,774794
8/22/18,8,22,2018,26,B_Bullhead,221,98212605177,4773,,,,774773
8/22/18,8,22,2018,26,B_Bullhead,205,98212605177,4770,,,,774770
8/22/18,8,22,2018,26,B_Bullhead,191,98212605177,4788,,,,774788
8/22/18,8,22,2018,26,B_Bullhead,221,98212605177,4784,,,,774784
8/22/18,8,22,2018,26,B_Bullhead,213,98212605177,4828,,,,774828
8/22/18,8,22,2018,26,B_Bullhead,203,98212605177,4799,,,,774799
8/22/18,8,22,2018,26,B_Bullhead,190,98212605177,4866,,,,774866
8/22/18,8,22,2018,26,B_Bullhead,185,98212605177,4826,,,,774826
8/22/18,8,22,2018,26,B_Bullhead,191,98212605177,4829,,,,774829
8/22/18,8,22,2018,26,B_Bullhead,195,98212605177,4769,,,,774769
8/22/18,8,22,2018,26,B_Bullhead,198,98212605177,4854,,,,774854
8/22/18,8,22,2018,26,B_Bullhead,185,98212605177,4847,,,,774847
8/22/18,8,22,2018,26,B_Bullhead,200,98212605177,4778,,,,774778
8/13/18,8,13,2018,38,B_crap,180,98212605177,3682,,,,773682
8/13/18,8,13,2018,38,B_crap,154,98212605177,3696,,,,773696
8/16/18,8,16,2018,38,B_crap,190,98212605177,3270,,,,773270
8/16/18,8,16,2018,38,B_crap,172,98212605177,3293,,,,773293
8/16/18,8,16,2018,38,B_crap,180,98212605177,3324,,,,773324
8/16/18,8,16,2018,38,B_crap,205,98212605177,3335,,,,773335
8/16/18,8,16,2018,38,B_crap,191,98212605177,3345,,,,773345
8/16/18,8,16,2018,40,B_crap,198,98212605177,3291,,,,773291
8/16/18,8,16,2018,40,B_crap,180,98212605177,3322,,,,773322
8/16/18,8,16,2018,40,B_crap,175,98212605177,3337,,,,773337
8/16/18,8,16,2018,40,B_crap,185,98212605177,3354,,,,773354
8/16/18,8,16,2018,40,B_crap,180,98212605177,3572,,,,773572
8/16/18,8,16,2018,40,B_crap,185,98212605177,3600,,,,773600
8/16/18,8,16,2018,40,B_crap,162,98212605177,3632,,,,773632
8/17/18,8,17,2018,24,B_crap,171,98212605177,4593,,,,774593
8/17/18,8,17,2018,32,B_crap,170,98212605177,4598,,,,774598
8/17/18,8,17,2018,32,B_crap,196,98212605177,4602,,,,774602
8/17/18,8,17,2018,32,B_crap,220,98212605177,4607,,,,774607
8/17/18,8,17,2018,32,B_crap,202,98212605177,4608,,,,774608
8/17/18,8,17,2018,32,B_crap,190,98212605177,4626,,,,774626
8/17/18,8,17,2018,32,B_crap,229,98212605177,4643,,,,774643
8/17/18,8,17,2018,32,B_crap,215,98212605177,4659,,,,774659
8/17/18,8,17,2018,32,B_crap,199,98212605177,4660,,,,774660
8/17/18,8,17,2018,32,B_crap,195,98212605177,4667,,,,774667
8/17/18,8,17,2018,43,B_crap,185,98212605177,3287,,,,773287
8/17/18,8,17,2018,43,B_crap,187,98212605177,4711,,,,774711
8/17/18,8,17,2018,43,B_crap,155,98212605177,4735,,,,774735
8/17/18,8,17,2018,43,B_crap,174,98212605177,4743,,,,774743
8/17/18,8,17,2018,43,B_crap,190,98212605177,4756,,,,774756
7/30/18,7,30,2018,1,BLU,161,98212605177,4295,,,,774295
7/30/18,7,30,2018,1,BLU,151,98212605177,4323,,,,774323
7/30/18,7,30,2018,1,BLU,158,98212605177,4353,,,,774353
8/13/18,8,13,2018,38,BLU,139,98212605177,3568,,,,773568
8/13/18,8,13,2018,38,BLU,122,98212605177,3626,,,,773626
8/13/18,8,13,2018,38,BLU,120,98212605177,3653,,,,773653
8/13/18,8,13,2018,38,BLU,130,98212605177,3654,,,,773654
8/13/18,8,13,2018,38,BLU,120,98212605177,3655,,,,773655
8/13/18,8,13,2018,38,BLU,125,98212605177,3656,,,,773656
8/13/18,8,13,2018,38,BLU,131,98212605177,3662,,,,773662
8/13/18,8,13,2018,38,BLU,158,98212605177,3672,,,,773672
8/13/18,8,13,2018,38,BLU,111,98212605177,3674,,,,773674
8/13/18,8,13,2018,38,BLU,161,98212605177,3677,,,,773677
8/13/18,8,13,2018,38,BLU,154,98212605177,3684,,,,773684
8/13/18,8,13,2018,38,BLU,116,98212605177,3688,,,,773688
8/13/18,8,13,2018,38,BLU,139,98212605177,3690,,,,773690
8/13/18,8,13,2018,38,BLU,168,98212605177,3692,,,,773692
8/13/18,8,13,2018,38,BLU,118,98212605177,3693,,,,773693
8/13/18,8,13,2018,38,BLU,113,98212605177,3694,,,,773694
8/13/18,8,13,2018,38,BLU,150,98212605177,3703,,,,773703
8/13/18,8,13,2018,38,BLU,164,98212605177,3706,,,,773706
8/13/18,8,13,2018,38,BLU,120,98212605177,3707,,,,773707
8/13/18,8,13,2018,38,BLU,105,98212605177,3712,,,,773712
8/13/18,8,13,2018,38,BLU,165,98212605177,3718,,,,773718
8/13/18,8,13,2018,38,BLU,121,98212605177,3720,,,,773720
8/13/18,8,13,2018,38,BLU,134,98212605177,3722,,,,773722
8/13/18,8,13,2018,38,BLU,161,98212605177,3723,,,,773723
8/13/18,8,13,2018,38,BLU,161,98212605177,3727,,,,773727
8/13/18,8,13,2018,38,BLU,145,98212605177,3728,,,,773728
8/13/18,8,13,2018,38,BLU,170,98212605177,3730,,,,773730
8/13/18,8,13,2018,38,BLU,150,98212605177,3731,,,,773731
8/13/18,8,13,2018,38,BLU,171,98212605177,3739,,,,773739
8/13/18,8,13,2018,38,BLU,88,98212605177,3741,,,,773741
8/13/18,8,13,2018,38,BLU,118,98212605177,3742,,,,773742
8/13/18,8,13,2018,38,BLU,94,98212605177,3743,,,,773743
8/13/18,8,13,2018,38,BLU,142,98212605177,3744,,,,773744
8/13/18,8,13,2018,38,BLU,141,98212605177,3745,,,,773745
8/13/18,8,13,2018,38,BLU,142,98212605177,3747,,,,773747
8/13/18,8,13,2018,38,BLU,151,98212605177,3750,,,,773750
8/13/18,8,13,2018,38,BLU,145,98212605177,3751,,,,773751
8/13/18,8,13,2018,38,BLU,132,98212605177,3756,,,,773756
8/13/18,8,13,2018,38,BLU,118,98212605177,3757,,,,773757
8/13/18,8,13,2018,38,BLU,151,98212605177,3760,,,,773760
8/13/18,8,13,2018,38,BLU,140,98212605177,3764,,,,773764
8/13/18,8,13,2018,38,BLU,122,98212605177,3766,,,,773766
8/13/18,8,13,2018,38,BLU,143,98212605177,4184,,,,774184
8/13/18,8,13,2018,38,BLU,151,98212605177,4193,,,,774193
8/14/18,8,14,2018,12,BLU,159,98212605177,3637,,,,773637
8/14/18,8,14,2018,12,BLU,173,98212605177,3649,,,,773649
8/14/18,8,14,2018,29,BLU,155,98212605177,3574,,,,773574
8/16/18,8,16,2018,38,BLU,140,98212605177,3269,,,,773269
8/16/18,8,16,2018,38,BLU,122,98212605177,3271,,,,773271
8/16/18,8,16,2018,38,BLU,145,98212605177,3272,,,,773272
8/16/18,8,16,2018,38,BLU,155,98212605177,3275,,,,773275
8/16/18,8,16,2018,38,BLU,145,98212605177,3278,,,,773278
8/16/18,8,16,2018,38,BLU,150,98212605177,3280,,,,773280
8/16/18,8,16,2018,38,BLU,170,98212605177,3281,,,,773281
8/16/18,8,16,2018,38,BLU,125,98212605177,3283,,,,773283
8/16/18,8,16,2018,38,BLU,115,98212605177,3284,,,,773284
8/16/18,8,16,2018,38,BLU,150,98212605177,3285,,,,773285
8/16/18,8,16,2018,38,BLU,160,98212605177,3289,,,,773289
8/16/18,8,16,2018,38,BLU,145,98212605177,3292,,,,773292
8/16/18,8,16,2018,38,BLU,115,98212605177,3295,,,,773295
8/16/18,8,16,2018,38,BLU,169,98212605177,3300,,,,773300
8/16/18,8,16,2018,38,BLU,168,98212605177,3306,,,,773306
8/16/18,8,16,2018,38,BLU,142,98212605177,3309,,,,773309
8/16/18,8,16,2018,38,BLU,160,98212605177,3312,,,,773312
8/16/18,8,16,2018,38,BLU,135,98212605177,3315,,,,773315
8/16/18,8,16,2018,38,BLU,130,98212605177,3316,,,,773316
8/16/18,8,16,2018,38,BLU,143,98212605177,3317,,,,773317
8/16/18,8,16,2018,38,BLU,120,98212605177,3319,,,,773319
8/16/18,8,16,2018,38,BLU,154,98212605177,3323,,,,773323
8/16/18,8,16,2018,38,BLU,112,98212605177,3327,,,,773327
8/16/18,8,16,2018,38,BLU,150,98212605177,3329,,,,773329
8/16/18,8,16,2018,38,BLU,150,98212605177,3331,,,,773331
8/16/18,8,16,2018,38,BLU,140,98212605177,3332,,,,773332
8/16/18,8,16,2018,38,BLU,140,98212605177,3338,,,,773338
8/16/18,8,16,2018,38,BLU,144,98212605177,3339,,,,773339
8/16/18,8,16,2018,38,BLU,120,98212605177,3350,,,,773350
8/16/18,8,16,2018,38,BLU,145,98212605177,3355,,,,773355
8/16/18,8,16,2018,38,BLU,140,98212605177,3359,,,,773359
8/16/18,8,16,2018,38,BLU,130,98212605177,3365,,,,773365
8/16/18,8,16,2018,38,BLU,160,98212605177,3366,,,,773366
8/16/18,8,16,2018,38,BLU,130,98212605177,3558,,,,773558
8/16/18,8,16,2018,38,BLU,142,98212605177,3578,,,,773578
8/16/18,8,16,2018,38,BLU,141,98212605177,3580,,,,773580
8/16/18,8,16,2018,38,BLU,122,98212605177,3608,,,,773608
8/16/18,8,16,2018,38,BLU,116,98212605177,3348,,,,773348
8/16/18,8,16,2018,40,BLU,130,98212605177,3273,,,,773273
8/16/18,8,16,2018,40,BLU,140,98212605177,3299,,,,773299
8/16/18,8,16,2018,40,BLU,145,98212605177,3301,,,,773301
8/16/18,8,16,2018,40,BLU,150,98212605177,3302,,,,773302
8/16/18,8,16,2018,40,BLU,142,98212605177,3304,,,,773304
8/16/18,8,16,2018,40,BLU,154,98212605177,3314,,,,773314
8/16/18,8,16,2018,40,BLU,120,98212605177,3318,,,,773318
8/16/18,8,16,2018,40,BLU,150,98212605177,3321,,,,773321
8/16/18,8,16,2018,40,BLU,170,98212605177,3325,,,,773325
8/16/18,8,16,2018,40,BLU,170,98212605177,3330,,,,773330
8/16/18,8,16,2018,40,BLU,115,98212605177,3336,,,,773336
8/16/18,8,16,2018,40,BLU,145,98212605177,3340,,,,773340
8/16/18,8,16,2018,40,BLU,120,98212605177,3341,,,,773341
8/16/18,8,16,2018,40,BLU,125,98212605177,3346,,,,773346
8/16/18,8,16,2018,40,BLU,155,98212605177,3362,,,,773362
8/16/18,8,16,2018,40,BLU,123,98212605177,3363,,,,773363
8/16/18,8,16,2018,40,BLU,140,98212605177,3364,,,,773364
8/16/18,8,16,2018,40,BLU,155,98212605177,3367,,,,773367
8/16/18,8,16,2018,40,BLU,150,98212605177,3585,,,,773585
8/16/18,8,16,2018,40,BLU,118,98212605177,3587,,,,773587
8/16/18,8,16,2018,40,BLU,126,98212605177,3589,,,,773589
8/16/18,8,16,2018,40,BLU,116,98212605177,3593,,,,773593
8/16/18,8,16,2018,40,BLU,128,98212605177,3594,,,,773594
8/16/18,8,16,2018,40,BLU,136,98212605177,3605,,,,773605
8/16/18,8,16,2018,40,BLU,117,98212605177,3609,,,,773609
8/16/18,8,16,2018,40,BLU,120,98212605177,3615,,,,773615
8/16/18,8,16,2018,40,BLU,122,98212605177,3616,,,,773616
8/16/18,8,16,2018,40,BLU,130,98212605177,3625,,,,773625
8/16/18,8,16,2018,40,BLU,118,98212605177,3663,,,,773663
8/16/18,8,16,2018,40,BLU,130,98212605177,4215,,,,774215
8/17/18,8,17,2018,23,BLU,177,98212605177,4609,,,,774609
8/17/18,8,17,2018,23,BLU,160,98212605177,4639,,,,774639
8/17/18,8,17,2018,23,BLU,146,98212605177,4646,,,,774646
8/17/18,8,17,2018,23,BLU,168,98212605177,4649,,,,774649
8/17/18,8,17,2018,23,BLU,149,98212605177,4650,,,,774650
8/17/18,8,17,2018,24,BLU,126,98212605177,4569,,,,774569
8/17/18,8,17,2018,24,BLU,143,98212605177,4575,,,,774575
8/17/18,8,17,2018,24,BLU,124,98212605177,4576,,,,774576
8/17/18,8,17,2018,24,BLU,136,98212605177,4577,,,,774577
8/17/18,8,17,2018,24,BLU,125,98212605177,4579,,,,774579
8/17/18,8,17,2018,24,BLU,170,98212605177,4583,,,,774583
8/17/18,8,17,2018,24,BLU,157,98212605177,4587,,,,774587
8/17/18,8,17,2018,24,BLU,142,98212605177,4588,,,,774588
8/17/18,8,17,2018,24,BLU,155,98212605177,4589,,,,774589
8/17/18,8,17,2018,24,BLU,125,98212605177,4592,,,,774592
8/17/18,8,17,2018,24,BLU,154,98212605177,4594,,,,774594
8/17/18,8,17,2018,24,BLU,145,98212605177,4601,,,,774601
8/17/18,8,17,2018,24,BLU,144,98212605177,4604,,,,774604
8/17/18,8,17,2018,24,BLU,158,98212605177,4610,,,,774610
8/17/18,8,17,2018,24,BLU,140,98212605177,4628,,,,774628
8/17/18,8,17,2018,24,BLU,141,98212605177,4653,,,,774653
8/17/18,8,17,2018,24,BLU,138,98212605177,4705,,,,774705
8/17/18,8,17,2018,25,BLU,155,98212605177,3774,,,,773774
8/17/18,8,17,2018,25,BLU,146,98212605177,3783,,,,773783
8/17/18,8,17,2018,25,BLU,133,98212605177,3787,,,,773787
8/17/18,8,17,2018,25,BLU,135,98212605177,3804,,,,773804
8/17/18,8,17,2018,25,BLU,140,98212605177,3810,,,,773810
8/17/18,8,17,2018,25,BLU,154,98212605177,3813,,,,773813
8/17/18,8,17,2018,25,BLU,124,98212605177,3820,,,,773820
8/17/18,8,17,2018,25,BLU,144,98212605177,3824,,,,773824
8/17/18,8,17,2018,25,BLU,155,98212605177,3831,,,,773831
8/17/18,8,17,2018,25,BLU,145,98212605177,3835,,,,773835
8/17/18,8,17,2018,25,BLU,141,98212605177,3836,,,,773836
8/17/18,8,17,2018,25,BLU,151,98212605177,3839,,,,773839
8/17/18,8,17,2018,25,BLU,177,98212605177,3847,,,,773847
8/17/18,8,17,2018,25,BLU,159,98212605177,3848,,,,773848
8/17/18,8,17,2018,25,BLU,156,98212605177,3851,,,,773851
8/17/18,8,17,2018,25,BLU,179,98212605177,3856,,,,773856
8/17/18,8,17,2018,25,BLU,149,98212605177,3857,,,,773857
8/17/18,8,17,2018,25,BLU,131,98212605177,3858,,,,773858
8/17/18,8,17,2018,25,BLU,124,98212605177,3859,,,,773859
8/17/18,8,17,2018,25,BLU,140,98212605177,3861,,,,773861
8/17/18,8,17,2018,25,BLU,131,98212605177,3863,,,,773863
8/17/18,8,17,2018,32,BLU,160,98212605177,4570,,,,774570
8/17/18,8,17,2018,32,BLU,140,98212605177,4585,,,,774585
8/17/18,8,17,2018,32,BLU,150,98212605177,4605,,,,774605
8/17/18,8,17,2018,32,BLU,149,98212605177,4613,,,,774613
8/17/18,8,17,2018,32,BLU,150,98212605177,4615,,,,774615
8/17/18,8,17,2018,32,BLU,145,98212605177,4620,,,,774620
8/17/18,8,17,2018,32,BLU,150,98212605177,4621,,,,774621
8/17/18,8,17,2018,32,BLU,148,98212605177,4623,,,,774623
8/17/18,8,17,2018,32,BLU,149,98212605177,4630,,,,774630
8/17/18,8,17,2018,32,BLU,172,98212605177,4634,,,,774634
8/17/18,8,17,2018,32,BLU,123,98212605177,4635,,,,774635
8/17/18,8,17,2018,32,BLU,118,98212605177,4636,,,,774636
8/17/18,8,17,2018,32,BLU,130,98212605177,4641,,,,774641
8/17/18,8,17,2018,32,BLU,111,98212605177,4648,,,,774648
8/17/18,8,17,2018,32,BLU,149,98212605177,4651,,,,774651
8/17/18,8,17,2018,32,BLU,125,98212605177,4652,,,,774652
8/17/18,8,17,2018,32,BLU,146,98212605177,4657,,,,774657
8/17/18,8,17,2018,32,BLU,150,98212605177,4658,,,,774658
8/17/18,8,17,2018,32,BLU,145,98212605177,4662,,,,774662
8/17/18,8,17,2018,32,BLU,152,98212605177,4713,,,,774713
8/17/18,8,17,2018,43,BLU,135,98212605177,3277,,,,773277
8/17/18,8,17,2018,43,BLU,164,98212605177,3297,,,,773297
8/17/18,8,17,2018,43,BLU,150,98212605177,3305,,,,773305
8/17/18,8,17,2018,43,BLU,180,98212605177,3307,,,,773307
8/17/18,8,17,2018,43,BLU,140,98212605177,3308,,,,773308
8/17/18,8,17,2018,43,BLU,150,98212605177,3311,,,,773311
8/17/18,8,17,2018,43,BLU,147,98212605177,3347,,,,773347
8/17/18,8,17,2018,43,BLU,145,98212605177,3353,,,,773353
8/17/18,8,17,2018,43,BLU,150,98212605177,3645,,,,773645
8/17/18,8,17,2018,43,BLU,135,98212605177,4668,,,,774668
8/17/18,8,17,2018,43,BLU,162,98212605177,4669,,,,774669
8/17/18,8,17,2018,43,BLU,135,98212605177,4670,,,,774670
8/17/18,8,17,2018,43,BLU,143,98212605177,4671,,,,774671
8/17/18,8,17,2018,43,BLU,151,98212605177,4672,,,,774672
8/17/18,8,17,2018,43,BLU,151,98212605177,4673,,,,774673
8/17/18,8,17,2018,43,BLU,145,98212605177,4674,,,,774674
8/17/18,8,17,2018,43,BLU,152,98212605177,4675,,,,774675
8/17/18,8,17,2018,43,BLU,160,98212605177,4676,,,,774676
8/17/18,8,17,2018,43,BLU,150,98212605177,4677,,,,774677
8/17/18,8,17,2018,43,BLU,158,98212605177,4678,,,,774678
8/17/18,8,17,2018,43,BLU,145,98212605177,4679,,,,774679
8/17/18,8,17,2018,43,BLU,163,98212605177,4680,,,,774680
8/17/18,8,17,2018,43,BLU,130,98212605177,4681,,,,774681
8/17/18,8,17,2018,43,BLU,150,98212605177,4682,,,,774682
8/17/18,8,17,2018,43,BLU,165,98212605177,4683,,,,774683
8/17/18,8,17,2018,43,BLU,155,98212605177,4684,,,,774684
8/17/18,8,17,2018,43,BLU,173,98212605177,4685,,,,774685
8/17/18,8,17,2018,43,BLU,162,98212605177,4686,,,,774686
8/17/18,8,17,2018,43,BLU,137,98212605177,4687,,,,774687
8/17/18,8,17,2018,43,BLU,141,98212605177,4688,,,,774688
8/17/18,8,17,2018,43,BLU,148,98212605177,4689,,,,774689
8/17/18,8,17,2018,43,BLU,155,98212605177,4690,,,,774690
8/17/18,8,17,2018,43,BLU,135,98212605177,4691,,,,774691
8/17/18,8,17,2018,43,BLU,155,98212605177,4692,,,,774692
8/17/18,8,17,2018,43,BLU,138,98212605177,4695,,,,774695
8/17/18,8,17,2018,43,BLU,155,98212605177,4696,,,,774696
8/17/18,8,17,2018,43,BLU,140,98212605177,4697,,,,774697
8/17/18,8,17,2018,43,BLU,148,98212605177,4698,,,,774698
8/17/18,8,17,2018,43,BLU,161,98212605177,4699,,,,774699
8/17/18,8,17,2018,43,BLU,151,98212605177,4701,,,,774701
8/17/18,8,17,2018,43,BLU,147,98212605177,4702,,,,774702
8/17/18,8,17,2018,43,BLU,156,98212605177,4703,,,,774703
8/17/18,8,17,2018,43,BLU,152,98212605177,4704,,,,774704
8/17/18,8,17,2018,43,BLU,150,98212605177,4706,,,,774706
8/17/18,8,17,2018,43,BLU,168,98212605177,4707,,,,774707
8/17/18,8,17,2018,43,BLU,156,98212605177,4708,,,,774708
8/17/18,8,17,2018,43,BLU,135,98212605177,4709,,,,774709
8/17/18,8,17,2018,43,BLU,140,98212605177,4710,,,,774710
8/17/18,8,17,2018,43,BLU,155,98212605177,4714,,,,774714
8/17/18,8,17,2018,43,BLU,135,98212605177,4715,,,,774715
8/17/18,8,17,2018,43,BLU,152,98212605177,4718,,,,774718
8/17/18,8,17,2018,43,BLU,140,98212605177,4719,,,,774719
8/17/18,8,17,2018,43,BLU,173,98212605177,4720,,,,774720
8/17/18,8,17,2018,43,BLU,155,98212605177,4721,,,,774721
8/17/18,8,17,2018,43,BLU,143,98212605177,4722,,,,774722
8/17/18,8,17,2018,43,BLU,150,98212605177,4723,,,,774723
8/17/18,8,17,2018,43,BLU,135,98212605177,4725,,,,774725
8/17/18,8,17,2018,43,BLU,170,98212605177,4726,,,,774726
8/17/18,8,17,2018,43,BLU,172,98212605177,4727,,,,774727
8/17/18,8,17,2018,43,BLU,170,98212605177,4731,,,,774731
8/17/18,8,17,2018,43,BLU,140,98212605177,4732,,,,774732
8/17/18,8,17,2018,43,BLU,145,98212605177,4733,,,,774733
8/17/18,8,17,2018,43,BLU,150,98212605177,4734,,,,774734
8/17/18,8,17,2018,43,BLU,164,98212605177,4736,,,,774736
8/17/18,8,17,2018,43,BLU,150,98212605177,4737,,,,774737
8/17/18,8,17,2018,43,BLU,138,98212605177,4738,,,,774738
8/17/18,8,17,2018,43,BLU,150,98212605177,4739,,,,774739
8/17/18,8,17,2018,43,BLU,144,98212605177,4740,,,,774740
8/17/18,8,17,2018,43,BLU,142,98212605177,4741,,,,774741
8/17/18,8,17,2018,43,BLU,150,98212605177,4742,,,,774742
8/17/18,8,17,2018,43,BLU,155,98212605177,4744,,,,774744
8/17/18,8,17,2018,43,BLU,155,98212605177,4746,,,,774746
8/17/18,8,17,2018,43,BLU,141,98212605177,4747,,,,774747
8/17/18,8,17,2018,43,BLU,150,98212605177,4749,,,,774749
8/17/18,8,17,2018,43,BLU,152,98212605177,4751,,,,774751
8/17/18,8,17,2018,43,BLU,140,98212605177,4753,,,,774753
8/17/18,8,17,2018,43,BLU,155,98212605177,4754,,,,774754
8/17/18,8,17,2018,43,BLU,156,98212605177,4755,,,,774755
8/17/18,8,17,2018,43,BLU,123,98212605177,4759,,,,774759
8/17/18,8,17,2018,43,BLU,170,98212605177,4761,,,,774761
8/17/18,8,17,2018,43,BLU,140,98212605177,4762,,,,774762
8/17/18,8,17,2018,43,BLU,165,98212605177,4765,,,,774765
8/17/18,8,17,2018,43,BLU,145,98212605177,4766,,,,774766
8/20/18,8,20,2018,11,BLU,200,98212605177,3771,,,,773771
8/20/18,8,20,2018,11,BLU,412,98212605177,3785,,,,773785
8/20/18,8,20,2018,11,BLU,150,98212605177,3803,,,,773803
8/20/18,8,20,2018,11,BLU,129,98212605177,3817,,,,773817
8/20/18,8,20,2018,11,BLU,155,98212605177,3843,,,,773843
8/20/18,8,20,2018,11,BLU,140,98212605177,3853,,,,773853
8/20/18,8,20,2018,11,BLU,165,98212605177,4757,,,,774757
8/20/18,8,20,2018,12,BLU,144,98212605177,3514,,,,773514
8/20/18,8,20,2018,12,BLU,155,98212605177,3521,,,,773521
8/20/18,8,20,2018,12,BLU,111,98212605177,3528,,,,773528
8/20/18,8,20,2018,12,BLU,146,98212605177,3531,,,,773531
8/20/18,8,20,2018,12,BLU,120,98212605177,3537,,,,773537
8/20/18,8,20,2018,12,BLU,163,98212605177,3539,,,,773539
8/20/18,8,20,2018,12,BLU,155,98212605177,3540,,,,773540
8/20/18,8,20,2018,12,BLU,158,98212605177,3541,,,,773541
8/20/18,8,20,2018,12,BLU,162,98212605177,3547,,,,773547
8/20/18,8,20,2018,12,BLU,137,98212605177,3551,,,,773551
8/20/18,8,20,2018,12,BLU,145,98212605177,3552,,,,773552
8/20/18,8,20,2018,12,BLU,167,98212605177,3553,,,,773553
8/20/18,8,20,2018,12,BLU,136,98212605177,3557,,,,773557
8/20/18,8,20,2018,12,BLU,135,98212605177,3565,,,,773565
8/20/18,8,20,2018,12,BLU,124,98212605177,3770,,,,773770
8/20/18,8,20,2018,12,BLU,120,98212605177,3777,,,,773777
8/20/18,8,20,2018,12,BLU,140,98212605177,3779,,,,773779
8/20/18,8,20,2018,12,BLU,176,98212605177,3780,,,,773780
8/20/18,8,20,2018,12,BLU,141,98212605177,3784,,,,773784
8/20/18,8,20,2018,12,BLU,163,98212605177,3788,,,,773788
8/20/18,8,20,2018,12,BLU,160,98212605177,3789,,,,773789
8/20/18,8,20,2018,12,BLU,155,98212605177,3790,,,,773790
8/20/18,8,20,2018,12,BLU,135,98212605177,3792,,,,773792
8/20/18,8,20,2018,12,BLU,155,98212605177,3793,,,,773793
8/20/18,8,20,2018,12,BLU,152,98212605177,3794,,,,773794
8/20/18,8,20,2018,12,BLU,115,98212605177,3796,,,,773796
8/20/18,8,20,2018,12,BLU,115,98212605177,3799,,,,773799
8/20/18,8,20,2018,12,BLU,15,98212605177,3802,,,,773802
8/20/18,8,20,2018,12,BLU,136,98212605177,3807,,,,773807
8/20/18,8,20,2018,12,BLU,177,98212605177,3818,,,,773818
8/20/18,8,20,2018,12,BLU,130,98212605177,3819,,,,773819
8/20/18,8,20,2018,12,BLU,152,98212605177,3821,,,,773821
8/20/18,8,20,2018,12,BLU,154,98212605177,3823,,,,773823
8/20/18,8,20,2018,12,BLU,155,98212605177,3825,,,,773825
8/20/18,8,20,2018,12,BLU,134,98212605177,3827,,,,773827
8/20/18,8,20,2018,12,BLU,161,98212605177,3833,,,,773833
8/20/18,8,20,2018,12,BLU,125,98212605177,3840,,,,773840
8/20/18,8,20,2018,12,BLU,125,98212605177,3841,,,,773841
8/20/18,8,20,2018,12,BLU,142,98212605177,3849,,,,773849
8/20/18,8,20,2018,12,BLU,125,98212605177,3850,,,,773850
8/20/18,8,20,2018,12,BLU,162,98212605177,3860,,,,773860
8/20/18,8,20,2018,12,BLU,156,98212605177,3867,,,,773867
8/21/18,8,21,2018,1,BLU,130,98212605177,3837,,,,773837
8/21/18,8,21,2018,3,BLU,170,98212605177,3418,,,,773418
8/21/18,8,21,2018,3,BLU,127,98212605177,3450,,,,773450
8/21/18,8,21,2018,32,BLU,116,98212605177,3403,,,,773403
8/21/18,8,21,2018,32,BLU,171,98212605177,3414,,,,773414
8/21/18,8,21,2018,32,BLU,170,98212605177,3414,,,,773414
8/21/18,8,21,2018,32,BLU,151,98212605177,3417,,,,773417
8/21/18,8,21,2018,32,BLU,128,98212605177,3419,,,,773419
8/21/18,8,21,2018,32,BLU,140,98212605177,3424,,,,773424
8/21/18,8,21,2018,32,BLU,136,98212605177,3429,,,,773429
8/21/18,8,21,2018,32,BLU,162,98212605177,3435,,,,773435
8/21/18,8,21,2018,32,BLU,137,98212605177,3436,,,,773436
8/21/18,8,21,2018,32,BLU,133,98212605177,3439,,,,773439
8/21/18,8,21,2018,32,BLU,156,98212605177,3448,,,,773448
8/21/18,8,21,2018,32,BLU,120,98212605177,3449,,,,773449
8/21/18,8,21,2018,32,BLU,156,98212605177,3453,,,,773453
8/21/18,8,21,2018,32,BLU,127,98212605177,3456,,,,773456
8/21/18,8,21,2018,32,BLU,145,98212605177,3457,,,,773457
8/21/18,8,21,2018,32,BLU,161,98212605177,3459,,,,773459
8/21/18,8,21,2018,32,BLU,130,98212605177,3460,,,,773460
8/21/18,8,21,2018,32,BLU,111,98212605177,3464,,,,773464
8/21/18,8,21,2018,32,BLU,151,98212605177,3466,,,,773466
8/21/18,8,21,2018,32,BLU,120,98212605177,3520,,,,773520
8/21/18,8,21,2018,40,BLU,110,98212605177,3371,,,,773371
8/21/18,8,21,2018,40,BLU,111,98212605177,3378,,,,773378
8/21/18,8,21,2018,40,BLU,128,98212605177,3381,,,,773381
8/21/18,8,21,2018,40,BLU,120,98212605177,3397,,,,773397
8/21/18,8,21,2018,40,BLU,118,98212605177,3400,,,,773400
8/21/18,8,21,2018,40,BLU,131,98212605177,3401,,,,773401
8/21/18,8,21,2018,40,BLU,110,98212605177,3407,,,,773407
8/21/18,8,21,2018,40,BLU,140,98212605177,3408,,,,773408
8/21/18,8,21,2018,40,BLU,136,98212605177,3410,,,,773410
8/21/18,8,21,2018,40,BLU,152,98212605177,3413,,,,773413
8/21/18,8,21,2018,40,BLU,163,98212605177,3416,,,,773416
8/21/18,8,21,2018,45,BLU,137,98212605177,3380,,,,773380
8/21/18,8,21,2018,45,BLU,133,98212605177,3383,,,,773383
8/21/18,8,21,2018,45,BLU,112,98212605177,3384,,,,773384
8/21/18,8,21,2018,45,BLU,158,98212605177,3386,,,,773386
8/21/18,8,21,2018,45,BLU,166,98212605177,3392,,,,773392
8/21/18,8,21,2018,45,BLU,118,98212605177,3405,,,,773405
8/21/18,8,21,2018,45,BLU,131,98212605177,3425,,,,773425
8/21/18,8,21,2018,45,BLU,132,98212605177,3428,,,,773428
8/21/18,8,21,2018,45,BLU,137,98212605177,3437,,,,773437
8/21/18,8,21,2018,45,BLU,167,98212605177,3455,,,,773455
7/30/18,7,30,2018,3,Bowfin,588,98212605177,4274,,,,774274
7/30/18,7,30,2018,4,Bowfin,660,98212605177,4339,,,,774339
7/30/18,7,30,2018,4,Bowfin,570,98212605177,4360,,,,774360
7/31/18,7,31,2018,28,Bowfin,437,98212605177,3876,,,,773876
7/31/18,7,31,2018,28,Bowfin,584,98212605177,3880,,,,773880
7/31/18,7,31,2018,28,Bowfin,583,98212605177,3889,,,,773889
7/31/18,7,31,2018,28,Bowfin,608,98212605177,3939,,,,773939
7/31/18,7,31,2018,29,Bowfin,575,98212605177,3883,,,,773883
7/31/18,7,31,2018,29,Bowfin,386,98212605177,3957,,,,773957
7/31/18,7,31,2018,29,Bowfin,566,98212605177,3958,,,,773958
8/1/18,8,1,2018,31,Bowfin,552,98212605177,3947,,,,773947
8/1/18,8,1,2018,32,Bowfin,672,98212605177,4148,,,,774148
8/1/18,8,1,2018,32,Bowfin,605,98212605177,4155,,,,774155
8/1/18,8,1,2018,33,Bowfin,570,98212605177,4165,9:44 AM,25.7,,774165
8/1/18,8,1,2018,36,Bowfin,667,98212605177,4339,,,,774339
8/2/18,8,2,2018,41,Bowfin,498,98212605177,4161,,,,774161
8/2/18,8,2,2018,45,Bowfin,666,98212605177,4141,,,,774141
8/2/18,8,2,2018,45,Bowfin,705,98212605177,4092,,,,774092
8/2/18,8,2,2018,45,Bowfin,578,98212605177,4109,,,,774109
8/2/18,8,2,2018,45,Bowfin,650,98212605177,4115,,,,774115
8/2/18,8,2,2018,47,Bowfin,565,98212605177,4085,,,,774085
8/2/18,8,2,2018,48,Bowfin,675,98212605177,4091,,,,774091
8/2/18,8,2,2018,48,Bowfin,580,98212605177,4150,,,,774150
8/2/18,8,2,2018,49,Bowfin,549,98212605177,3947,,,,773947
8/7/18,8,7,2018,3,Bowfin,525,98212605177,4268,,,,774268
8/7/18,8,7,2018,5,Bowfin,594,98212605177,4050,,,,774050
8/7/18,8,7,2018,5,Bowfin,599,98212605177,4080,,,,774080
8/7/18,8,7,2018,40,Bowfin,605,98212605177,3939,,,,773939
8/7/18,8,7,2018,40,Bowfin,605,98212605177,4036,3:27 PM,25.2,,774036
8/8/18,8,8,2018,44,Bowfin,596,98212605177,4020,,,,774020
8/8/18,8,8,2018,44,Bowfin,485,98212605177,4035,,,,774035
8/13/18,8,13,2018,25,Bowfin,640,98212605177,4174,,,,774174
8/13/18,8,13,2018,25,Bowfin,460,98212605177,4232,,,,774232
8/13/18,8,13,2018,25,Bowfin,510,98212605177,4258,,,,774258
8/13/18,8,13,2018,26,Bowfin,544,98212605177,4170,,,,774170
8/13/18,8,13,2018,26,Bowfin,536,98212605177,4186,,,,774186
8/13/18,8,13,2018,26,Bowfin,546,98212605177,4188,12:45 PM,29.1,,774188
8/13/18,8,13,2018,27,Bowfin,641,98212605177,4194,,,,774194
8/14/18,8,14,2018,29,Bowfin,575,98212605177,3613,,,,773613
8/17/18,8,17,2018,23,Bowfin,505,98212605177,4617,,,,774617
8/17/18,8,17,2018,32,Bowfin,680,98212605177,4627,,,,774627
8/21/18,8,21,2018,3,Bowfin,467,98212605177,3431,,,,773431
8/1/18,8,1,2018,37,Buffalo,504,98212605177,4144,,,,774144
8/1/18,8,1,2018,37,Buffalo,485,98212605177,4159,,,,774159
8/1/18,8,1,2018,37,Buffalo,503,98212605177,4164,,,,774164
8/2/18,8,2,2018,44,Buffalo,500,98212605177,4103,,,,774103
8/7/18,8,7,2018,39,Buffalo,521,98212605177,4015,,,,774015
8/7/18,8,7,2018,39,Buffalo,527,98212605177,4048,,,,774048
8/8/18,8,8,2018,42,Buffalo,479,98212605177,3988,,,,773988
8/10/18,8,10,2018,37,Buffalo,631,98212605177,4169,,,,774169
8/10/18,8,10,2018,37,Buffalo,480,98212605177,4231,11:50 AM,,,774231
8/13/18,8,13,2018,37,Buffalo,514,98212605177,3698,,,,773698
8/13/18,8,13,2018,37,Buffalo,528,98212605177,3708,,,,773708
8/14/18,8,14,2018,13,Buffalo,484,98212605177,3591,,,,773591
8/27/18,8,27,2018,35,Buffalo,465,98212605177,3550,,,,773550
8/30/18,8,30,2018,35,Buffalo,511,98212605177,3481,,,,773481
8/30/18,8,30,2018,35,Buffalo,515,98212605177,3490,,,,773490
8/30/18,8,30,2018,35,Buffalo,538,98212605177,3498,,,,773498
8/30/18,8,30,2018,35,Buffalo,510,98212605177,3535,,,,773535
8/30/18,8,30,2018,35,Buffalo,511,98212605177,3536,,,,773536
7/30/18,7,30,2018,2,Ccarp,590,,294,,,,294
7/30/18,7,30,2018,2,Ccarp,692,25,3048,,,,253048
7/30/18,7,30,2018,2,Ccarp,468,98212605177,4334,,,,774334
7/30/18,7,30,2018,4,Ccarp,480,98212605177,4338,,,,774338
7/30/18,7,30,2018,5,Ccarp,574,98212605177,4314,11:22 AM,,,774314
7/30/18,7,30,2018,6,Ccarp,585,98212605177,4309,,,,774309
7/30/18,7,30,2018,7,Ccarp,621,98212605177,3895,,,,773895
7/30/18,7,30,2018,7,Ccarp,579,98212605177,3938,11:48 AM,,,773938
7/30/18,7,30,2018,7,Ccarp,480,98212605177,3950,,,,773950
7/30/18,7,30,2018,7,Ccarp,688,98212605177,3965,,,,773965
7/30/18,7,30,2018,7,Ccarp,471,98212605177,4320,,,,774320
7/30/18,7,30,2018,8,Ccarp,538,98212605177,3906,,,,773906
7/30/18,7,30,2018,8,Ccarp,631,98212605177,3921,,,,773921
7/30/18,7,30,2018,8,Ccarp,597,98212605177,3932,,,,773932
7/30/18,7,30,2018,8,Ccarp,510,98212605177,3942,,,,773942
7/30/18,7,30,2018,8,Ccarp,564,98212605177,3945,,,,773945
7/30/18,7,30,2018,8,Ccarp,555,98212605177,3951,,,,773951
7/30/18,7,30,2018,8,Ccarp,478,98212605177,3961,,,,773961
7/30/18,7,30,2018,8,Ccarp,588,98212605177,4322,,,,774322
7/30/18,7,30,2018,8,Ccarp,550,98212605177,4359,12:08 PM,,,774359
7/30/18,7,30,2018,9,Ccarp,575,98212605177,3897,,,,773897
7/30/18,7,30,2018,9,Ccarp,552,98212605177,3924,,,,773924
7/30/18,7,30,2018,9,Ccarp,451,98212605177,3940,,,,773940
7/30/18,7,30,2018,9,Ccarp,531,98212605177,3956,,,,773956
7/30/18,7,30,2018,11,Ccarp,465,98212605177,3908,,,,773908
7/30/18,7,30,2018,11,Ccarp,575,98212605177,3912,1:16 PM,,,773912
7/30/18,7,30,2018,11,Ccarp,552,98212605177,3926,,,,773926
7/30/18,7,30,2018,11,Ccarp,515,98212605177,3936,,,,773936
7/30/18,7,30,2018,11,Ccarp,535,98212605177,3953,,,,773953
7/30/18,7,30,2018,12,Ccarp,544,98212605177,3879,1:40 PM,,,773879
7/30/18,7,30,2018,13,Ccarp,601,98212605177,3896,,,,773896
7/30/18,7,30,2018,13,Ccarp,454,98212605177,3916,,,,773916
7/30/18,7,30,2018,13,Ccarp,478,98212605177,3948,,,,773948
7/30/18,7,30,2018,15,Ccarp,510,98212605177,3911,,,,773911
7/30/18,7,30,2018,15,Ccarp,660,98212605177,3949,,,,773949
7/31/18,7,31,2018,16,Ccarp,597,98212605177,3898,,,,773898
7/31/18,7,31,2018,16,Ccarp,553,98212605177,3915,,,,773915
7/31/18,7,31,2018,17,Ccarp,552,98212605177,3964,9:09 AM,,,773964
7/31/18,7,31,2018,18,Ccarp,576,98212605177,3874,,,,773874
7/31/18,7,31,2018,18,Ccarp,625,98212605177,3930,,,,773930
7/31/18,7,31,2018,18,Ccarp,520,98212605177,3966,,,,773966
7/31/18,7,31,2018,20,Ccarp,575,98212605177,3934,,,,773934
7/31/18,7,31,2018,21,Ccarp,517,98212605177,3872,,,,773872
7/31/18,7,31,2018,21,Ccarp,611,98212605177,3887,,,,773887
7/31/18,7,31,2018,21,Ccarp,565,98212605177,3917,,,,773917
7/31/18,7,31,2018,22,Ccarp,650,98212605177,3900,,,,773900
7/31/18,7,31,2018,23,Ccarp,551,90022600025,3018,,,,253018
7/31/18,7,31,2018,23,Ccarp,474,98212605177,3886,10:30 AM,,,773886
7/31/18,7,31,2018,23,Ccarp,627,98212605177,3891,,,,773891
7/31/18,7,31,2018,23,Ccarp,448,98212605177,3944,,,,773944
7/31/18,7,31,2018,24,Ccarp,652,98212605177,3885,,,,773885
7/31/18,7,31,2018,24,Ccarp,557,98212605177,3888,,,,773888
7/31/18,7,31,2018,24,Ccarp,474,98212605177,4486,,,,774486
7/31/18,7,31,2018,25,Ccarp,531,98212605177,3935,,,,773935
7/31/18,7,31,2018,25,Ccarp,575,98212605177,3954,,,,773954
7/31/18,7,31,2018,25,Ccarp,545,98212605177,4431,,,,774431
7/31/18,7,31,2018,28,Ccarp,420,90022600025,2853,,,,252853
8/1/18,8,1,2018,30,Ccarp,598,25,3064,,,,253064
8/1/18,8,1,2018,30,Ccarp,535,98212605177,3877,,,,773877
8/1/18,8,1,2018,30,Ccarp,583,98212605177,3922,,,,773922
8/1/18,8,1,2018,30,Ccarp,462,96,7798,,,,967798
8/1/18,8,1,2018,31,Ccarp,623,98212605177,3881,,,,773881
8/1/18,8,1,2018,31,Ccarp,602,98212605177,3902,,,,773902
8/1/18,8,1,2018,31,Ccarp,450,98212605177,3946,,,,773946
8/1/18,8,1,2018,32,Ccarp,643,98212605177,4137,,,,774137
8/1/18,8,1,2018,33,Ccarp,559,98212605177,4084,,,,774084
8/1/18,8,1,2018,33,Ccarp,851,98212605177,4128,,,,774128
8/1/18,8,1,2018,33,Ccarp,636,98212605177,4151,,,,774151
8/1/18,8,1,2018,35,Ccarp,709,98212605177,3882,,,,773882
8/1/18,8,1,2018,35,Ccarp,462,98212605177,4088,,,,774088
8/1/18,8,1,2018,35,Ccarp,540,98212605177,4138,,,,774138
8/1/18,8,1,2018,35,Ccarp,473,98212605177,4147,,,,774147
8/1/18,8,1,2018,35,Ccarp,569,98212605177,4166,,,,774166
8/1/18,8,1,2018,36,Ccarp,494,98212605177,4133,,,,774133
8/1/18,8,1,2018,36,Ccarp,556,98212605177,4158,,25.9,,774158
8/1/18,8,1,2018,36,Ccarp,461,98212605177,4167,,,,774167
8/1/18,8,1,2018,37,Ccarp,555,90022600091,1903,,,,911903
8/1/18,8,1,2018,37,Ccarp,543,98212605177,4112,,,,774112
8/1/18,8,1,2018,37,Ccarp,494,98212605177,4114,,,,774114
8/1/18,8,1,2018,37,Ccarp,580,98212605177,4122,,,,774122
8/1/18,8,1,2018,37,Ccarp,634,98212605177,4126,,,,774126
8/1/18,8,1,2018,37,Ccarp,477,98212605177,4132,12:08 PM,26,,774132
8/1/18,8,1,2018,37,Ccarp,466,90022600096,7700,,,,967700
8/2/18,8,2,2018,37,Ccarp,472,98212605177,4025,,,,774025
8/2/18,8,2,2018,37,Ccarp,475,98212605177,4040,,,,774040
8/2/18,8,2,2018,37,Ccarp,655,98212605177,4066,,,,774066
8/2/18,8,2,2018,38,Ccarp,589,98212605177,4110,,,,774110
8/2/18,8,2,2018,39,Ccarp,635,98212605177,4095,,,,774095
8/2/18,8,2,2018,39,Ccarp,546,98212605177,4100,,,,774100
8/2/18,8,2,2018,39,Ccarp,462,98212605177,4124,,,,774124
8/2/18,8,2,2018,39,Ccarp,537,98212605177,4125,,,,774125
8/2/18,8,2,2018,39,Ccarp,595,98212605177,4143,,,,774143
8/2/18,8,2,2018,40,Ccarp,525,98212605177,4079,,,,774079
8/2/18,8,2,2018,40,Ccarp,632,98212605177,4102,,,,774102
8/2/18,8,2,2018,40,Ccarp,595,98212605177,4106,,,,774106
8/2/18,8,2,2018,40,Ccarp,480,98212605177,4142,9:34 AM,,,774142
8/2/18,8,2,2018,42,Ccarp,666,98212605177,4105,,,,774105
8/2/18,8,2,2018,42,Ccarp,586,98212605177,4121,,,,774121
8/2/18,8,2,2018,42,Ccarp,536,98212605177,4160,,,,774160
8/2/18,8,2,2018,43,Ccarp,591,98212605177,4072,,,,774072
8/2/18,8,2,2018,43,Ccarp,550,98212605177,4078,,,,774078
8/2/18,8,2,2018,43,Ccarp,650,98212605177,4081,,,,774081
8/2/18,8,2,2018,43,Ccarp,550,98212605177,4098,,,,774098
8/2/18,8,2,2018,43,Ccarp,680,98212605177,4101,,,,774101
8/2/18,8,2,2018,43,Ccarp,610,98212605177,4118,,,,774118
8/2/18,8,2,2018,43,Ccarp,590,98212605177,4130,,,,774130
8/2/18,8,2,2018,43,Ccarp,461,98212605177,4153,,,,774153
8/2/18,8,2,2018,44,Ccarp,551,98212605177,4104,,,,774104
8/2/18,8,2,2018,44,Ccarp,585,98212605177,4123,,,,774123
8/2/18,8,2,2018,44,Ccarp,550,98212605177,4129,,,,774129
8/2/18,8,2,2018,45,Ccarp,580,98212605177,4077,,,,774077
8/2/18,8,2,2018,45,Ccarp,495,98212605177,4096,,,,774096
8/2/18,8,2,2018,45,Ccarp,396,98212605177,4107,,,,774107
8/2/18,8,2,2018,45,Ccarp,657,98212605177,4154,,,,774154
8/2/18,8,2,2018,45,Ccarp,475,98212605177,4156,,,,774156
8/2/18,8,2,2018,46,Ccarp,649,98212605177,4087,,,,774087
8/2/18,8,2,2018,47,Ccarp,606,98212605177,4068,,,,774068
8/2/18,8,2,2018,47,Ccarp,560,98212605177,4075,,,,774075
8/2/18,8,2,2018,47,Ccarp,475,98212605177,4076,,,,774076
8/2/18,8,2,2018,47,Ccarp,625,98212605177,4093,,,,774093
8/2/18,8,2,2018,47,Ccarp,592,98212605177,4094,,,,774094
8/2/18,8,2,2018,47,Ccarp,457,98212605177,4111,,,,774111
8/2/18,8,2,2018,47,Ccarp,469,98212605177,4116,12:00 PM,24.2,,774116
8/2/18,8,2,2018,47,Ccarp,545,98212605177,4136,,,,774136
8/2/18,8,2,2018,48,Ccarp,535,98212605177,4131,,,,774131
8/2/18,8,2,2018,48,Ccarp,578,98212605177,4149,,,,774149
8/2/18,8,2,2018,49,Ccarp,497,98212605177,4024,,,,774024
8/2/18,8,2,2018,49,Ccarp,612,98212605177,4038,,,,774038
8/2/18,8,2,2018,49,Ccarp,620,98212605177,4052,,,,774052
8/2/18,8,2,2018,49,Ccarp,524,98212605177,4057,,,,774057
8/2/18,8,2,2018,49,Ccarp,470,98212605177,4061,,,,774061
8/2/18,8,2,2018,49,Ccarp,501,98212605177,4073,,,,774073
8/2/18,8,2,2018,50,Ccarp,611,98212605177,4038,,,,774038
8/2/18,8,2,2018,50,Ccarp,480,98212605177,4060,1:38 PM,24.4,,774060
8/7/18,8,7,2018,1,Ccarp,505,98212605177,4001,,,,774001
8/7/18,8,7,2018,1,Ccarp,591,98212605177,4031,,,,774031
8/7/18,8,7,2018,1,Ccarp,564,98212605177,4039,,,,774039
8/7/18,8,7,2018,1,Ccarp,535,98212605177,4056,,,,774056
8/7/18,8,7,2018,1,Ccarp,512,98212605177,4074,12:03 PM,24.3,,774074
8/7/18,8,7,2018,1,Ccarp,612,98212605177,4086,,,,774086
8/7/18,8,7,2018,2,Ccarp,594,98212605177,4070,12:40,25.2,,774070
8/7/18,8,7,2018,5,Ccarp,593,98212605177,4013,,,,774013
8/7/18,8,7,2018,5,Ccarp,496,98212605177,4017,,,,774017
8/7/18,8,7,2018,5,Ccarp,567,98212605177,4030,,,,774030
8/7/18,8,7,2018,6,Ccarp,578,98212605177,4059,,,,774059
8/7/18,8,7,2018,6,Ccarp,510,98212605177,4099,,,,774099
8/7/18,8,7,2018,7,Ccarp,446,90022600025,2898,,,,252898
8/7/18,8,7,2018,7,Ccarp,468,98212605177,3989,,,,773989
8/7/18,8,7,2018,7,Ccarp,585,98212605177,4007,,,,774007
8/7/18,8,7,2018,7,Ccarp,463,98212605177,4029,,,,774029
8/7/18,8,7,2018,7,Ccarp,585,98212605177,4049,2:15 PM,,,774049
8/7/18,8,7,2018,7,Ccarp,593,98212605177,4055,,,,774055
8/7/18,8,7,2018,7,Ccarp,560,98212605177,4064,,,,774064
8/7/18,8,7,2018,39,Ccarp,469,98212605177,4011,,,,774011
8/7/18,8,7,2018,39,Ccarp,490,98212605177,4026,3:07 PM,,,774026
8/7/18,8,7,2018,39,Ccarp,528,98212605177,4037,,,,774037
8/7/18,8,7,2018,39,Ccarp,480,98212605177,4047,,,,774047
8/7/18,8,7,2018,40,Ccarp,632,98212605177,4021,,,,774021
8/7/18,8,7,2018,40,Ccarp,630,98212605177,4023,,,,774023
8/7/18,8,7,2018,40,Ccarp,560,98212605177,4033,,,,774033
8/7/18,8,7,2018,40,Ccarp,624,98212605177,4034,,,,774034
8/7/18,8,7,2018,40,Ccarp,662,98212605177,4051,,,,774051
8/7/18,8,7,2018,40,Ccarp,690,98212605177,4053,,,,774053
8/7/18,8,7,2018,40,Ccarp,576,98212605177,4065,,,,774065
8/7/18,8,7,2018,40,Ccarp,633,98212605177,4001,,,,774001
8/8/18,8,8,2018,42,Ccarp,619,90022600025,2082,,24.5,,252082
8/8/18,8,8,2018,42,Ccarp,433,98212605177,4000,,,,774000
8/8/18,8,8,2018,43,Ccarp,630,98212605177,3982,,,,773982
8/8/18,8,8,2018,43,Ccarp,532,98212605177,3999,,,,773999
8/8/18,8,8,2018,43,Ccarp,580,98212605177,4067,,,,774067
8/8/18,8,8,2018,44,Ccarp,471,98212605177,3969,,,,773969
8/8/18,8,8,2018,44,Ccarp,473,98212605177,3985,,,,773985
8/8/18,8,8,2018,44,Ccarp,528,98212605177,4014,,,,774014
8/8/18,8,8,2018,44,Ccarp,586,98212605177,4016,,,,774016
8/8/18,8,8,2018,44,Ccarp,476,98212605177,4028,,,,774028
8/8/18,8,8,2018,44,Ccarp,590,98212605177,4043,,,,774043
8/8/18,8,8,2018,44,Ccarp,465,98212605177,4045,,,,774045
8/8/18,8,8,2018,44,Ccarp,595,98212605177,4063,,,,774063
8/8/18,8,8,2018,45,Ccarp,510,98212605177,3981,10:06 AM,,,773981
8/8/18,8,8,2018,45,Ccarp,447,98212605177,3994,,,,773994
8/8/18,8,8,2018,45,Ccarp,601,98212605177,4018,,,,774018
8/8/18,8,8,2018,45,Ccarp,646,98212605177,4042,,,,774042
8/8/18,8,8,2018,46,Ccarp,524,98212605177,3979,10:28 AM,24.7,,773979
8/8/18,8,8,2018,46,Ccarp,625,98212605177,3983,,,,773983
8/8/18,8,8,2018,47,Ccarp,645,98212605177,3977,,,,773977
8/8/18,8,8,2018,47,Ccarp,587,98212605177,3998,,,,773998
8/8/18,8,8,2018,47,Ccarp,515,98212605177,4004,,,,774004
8/8/18,8,8,2018,47,Ccarp,545,98212605177,4032,,,,774032
8/8/18,8,8,2018,48,Ccarp,556,98212605177,3990,11:26 AM,,,773990
8/8/18,8,8,2018,48,Ccarp,460,98212605177,3991,,,,773991
8/9/18,8,9,2018,7,Ccarp,635,98212605177,4012,10:13 AM,,,774012
8/9/18,8,9,2018,7,Ccarp,581,98212605177,4146,,,,774146
8/9/18,8,9,2018,10,Ccarp,523,98212605177,3970,,,,773970
8/9/18,8,9,2018,10,Ccarp,460,98212605177,3973,10:49 AM,,,773973
8/9/18,8,9,2018,10,Ccarp,535,98212605177,3992,,,,773992
8/9/18,8,9,2018,11,Ccarp,565,98212605177,3971,,,,773971
8/9/18,8,9,2018,11,Ccarp,560,98212605177,4228,11:23 AM,,,774228
8/9/18,8,9,2018,11,Ccarp,486,98212605177,4242,,,,774242
8/9/18,8,9,2018,11,Ccarp,565,98212605177,4253,,,,774253
8/9/18,8,9,2018,12,Ccarp,484,98212605177,4205,,,,774205
8/9/18,8,9,2018,12,Ccarp,540,98212605177,4226,,,,774226
8/9/18,8,9,2018,12,Ccarp,425,98212605177,4245,,,,774245
8/9/18,8,9,2018,12,Ccarp,577,98212605177,4266,,,,774266
8/9/18,8,9,2018,13,Ccarp,646,98212605177,4187,,,,774187
8/9/18,8,9,2018,13,Ccarp,567,98212605177,4191,,,,774191
8/9/18,8,9,2018,13,Ccarp,570,98212605177,4207,,,,774207
8/9/18,8,9,2018,13,Ccarp,567,98212605177,4208,1:30 PM,26.9,,774208
8/9/18,8,9,2018,13,Ccarp,496,98212605177,4230,,,,774230
8/9/18,8,9,2018,13,Ccarp,550,98212605177,4260,,,,774260
8/9/18,8,9,2018,42,Ccarp,510,98212605177,3968,,,,773968
8/9/18,8,9,2018,42,Ccarp,615,98212605177,3972,,,,773972
8/9/18,8,9,2018,42,Ccarp,636,98212605177,3976,,,,773976
8/9/18,8,9,2018,42,Ccarp,630,98212605177,3980,,,,773980
8/9/18,8,9,2018,42,Ccarp,510,98212605177,3995,9:04 AM,25.6,,773995
8/9/18,8,9,2018,42,Ccarp,760,98212605177,3996,,,,773996
8/9/18,8,9,2018,42,Ccarp,540,98212605177,4006,,,,774006
8/9/18,8,9,2018,42,Ccarp,602,98212605177,4022,,,,774022
8/9/18,8,9,2018,42,Ccarp,635,98212605177,4027,,,,774027
8/9/18,8,9,2018,43,Ccarp,675,98212605177,3997,9:40 AM,,,773997
8/9/18,8,9,2018,16,Ccarp,616,98212605177,4173,,,,774173
8/9/18,8,9,2018,16,Ccarp,600,98212605177,4175,,,,774175
8/9/18,8,9,2018,16,Ccarp,493,98212605177,4180,,,,774180
8/9/18,8,9,2018,16,Ccarp,618,98212605177,4192,,,,774192
8/9/18,8,9,2018,16,Ccarp,593,98212605177,4198,,,,774198
8/9/18,8,9,2018,16,Ccarp,546,98212605177,4202,,,,774202
8/9/18,8,9,2018,16,Ccarp,630,98212605177,4212,,,,774212
8/9/18,8,9,2018,16,Ccarp,548,98212605177,4236,,,,774236
8/9/18,8,9,2018,16,Ccarp,658,98212605177,4255,,,,774255
8/10/18,8,10,2018,37,Ccarp,450,98212605177,4169,,,,774169
8/10/18,8,10,2018,37,Ccarp,595,98212605177,4183,,,,774183
8/10/18,8,10,2018,37,Ccarp,750,98212605177,4196,,,,774196
8/10/18,8,10,2018,37,Ccarp,540,98212605177,4204,,,,774204
8/10/18,8,10,2018,37,Ccarp,655,98212605177,4217,,,,774217
8/10/18,8,10,2018,37,Ccarp,575,98212605177,4222,,,,774222
8/10/18,8,10,2018,37,Ccarp,435,98212605177,4248,,,,774248
8/10/18,8,10,2018,39,Ccarp,600,98212605177,4177,,,,774177
8/10/18,8,10,2018,39,Ccarp,645,98212605177,4209,9:49 AM,,,774209
8/10/18,8,10,2018,39,Ccarp,625,98212605177,4262,,,,774262
8/10/18,8,10,2018,40,Ccarp,515,98212605177,4176,,,,774176
8/10/18,8,10,2018,40,Ccarp,620,98212605177,4181,,,,774181
8/10/18,8,10,2018,40,Ccarp,520,98212605177,4199,,,,774199
8/10/18,8,10,2018,40,Ccarp,620,98212605177,4206,,,,774206
8/10/18,8,10,2018,40,Ccarp,620,98212605177,4238,10:25 AM,,,774238
8/10/18,8,10,2018,40,Ccarp,660,98212605177,4259,,,,774259
8/10/18,8,10,2018,41,Ccarp,580,98212605177,4189,,,,774189
8/10/18,8,10,2018,41,Ccarp,695,98212605177,4247,10:50 AM,,,774247
8/10/18,8,10,2018,42,Ccarp,575,98212605177,4171,,,,774171
8/10/18,8,10,2018,42,Ccarp,610,98212605177,4185,,,,774185
8/10/18,8,10,2018,42,Ccarp,555,98212605177,4201,,,,774201
8/10/18,8,10,2018,42,Ccarp,600,98212605177,4214,,,,774214
8/10/18,8,10,2018,42,Ccarp,590,98212605177,4223,,,,774223
8/10/18,8,10,2018,42,Ccarp,620,98212605177,4225,,,,774225
8/10/18,8,10,2018,42,Ccarp,585,98212605177,4239,,,,774239
8/10/18,8,10,2018,43,Ccarp,585,98212605177,4221,,,,774221
8/10/18,8,10,2018,43,Ccarp,571,98212605177,4229,11:20 AM,,,774229
8/10/18,8,10,2018,43,Ccarp,620,98212605177,4240,,,,774240
8/10/18,8,10,2018,43,Ccarp,630,98212605177,4251,,,,774251
8/10/18,8,10,2018,43,Ccarp,650,98212605177,4264,,,,774264
8/13/18,8,13,2018,23,Ccarp,515,98212605177,4182,,,,774182
8/13/18,8,13,2018,23,Ccarp,560,98212605177,4265,,,,774265
8/13/18,8,13,2018,25,Ccarp,460,98212605177,4179,,,,774179
8/13/18,8,13,2018,25,Ccarp,593,98212605177,4197,,,,774197
8/13/18,8,13,2018,25,Ccarp,580,98212605177,4218,,,,774218
8/13/18,8,13,2018,25,Ccarp,430,98212605177,4219,,,,774219
8/13/18,8,13,2018,25,Ccarp,472,98212605177,4220,,,,774220
8/13/18,8,13,2018,25,Ccarp,530,98212605177,4243,,,,774243
8/13/18,8,13,2018,26,Ccarp,745,98212605177,4213,,,,774213
8/13/18,8,13,2018,27,Ccarp,620,98212605177,4178,,,,774178
8/13/18,8,13,2018,27,Ccarp,425,98212605177,4250,,,,774250
8/13/18,8,13,2018,37,Ccarp,526,98212605177,3668,,,,773668
8/13/18,8,13,2018,37,Ccarp,408,98212605177,3713,,,,773713
8/13/18,8,13,2018,37,Ccarp,690,98212605177,3738,,27.7,,773738
8/13/18,8,13,2018,37,Ccarp,670,98212605177,3765,,,,773765
8/13/18,8,13,2018,38,Ccarp,572,98212605177,3747,,,,773747
8/13/18,8,13,2018,38,Ccarp,608,98212605177,4216,,,,774216
8/13/18,8,13,2018,44,Ccarp,492,98212605177,3702,,,,773702
8/13/18,8,13,2018,44,Ccarp,580,98212605177,3715,,,,773715
8/14/18,8,14,2018,7,Ccarp,630,98212605177,3617,,,,773617
8/14/18,8,14,2018,7,Ccarp,626,98212605177,3634,,,,773634
8/14/18,8,14,2018,7,Ccarp,520,98212605177,3639,,,,773639
8/14/18,8,14,2018,7,Ccarp,556,98212605177,3650,11:01 AM,,,773650
8/14/18,8,14,2018,7,Ccarp,562,98212605177,3660,,,,773660
8/14/18,8,14,2018,7,Ccarp,443,98212605177,3661,,,,773661
8/14/18,8,14,2018,8,Ccarp,495,98212605177,3620,,,,773620
8/14/18,8,14,2018,8,Ccarp,563,98212605177,3627,,,,773627
8/14/18,8,14,2018,9,Ccarp,595,98212605177,3570,,,,773570
8/14/18,8,14,2018,9,Ccarp,570,98212605177,3612,,,,773612
8/14/18,8,14,2018,9,Ccarp,445,98212605177,3642,,,,773642
8/14/18,8,14,2018,9,Ccarp,497,98212605177,3644,,,,773644
8/14/18,8,14,2018,9,Ccarp,558,98212605177,3657,,,,773657
8/14/18,8,14,2018,12,Ccarp,563,98212605177,3623,,,,773623
8/14/18,8,14,2018,12,Ccarp,570,98212605177,3630,,,,773630
8/14/18,8,14,2018,12,Ccarp,620,98212605177,3659,,,,773659
8/14/18,8,14,2018,12,Ccarp,450,98212605177,3664,,,,773664
8/14/18,8,14,2018,13,Ccarp,511,98212605177,3577,,,,773577
8/14/18,8,14,2018,13,Ccarp,610,98212605177,3582,,,,773582
8/14/18,8,14,2018,14,Ccarp,570,98212605177,3573,,,,773573
8/14/18,8,14,2018,16,Ccarp,595,98212605177,3586,,,,773586
8/14/18,8,14,2018,16,Ccarp,464,98212605177,3588,,,,773588
8/14/18,8,14,2018,29,Ccarp,683,98212605177,3614,,,,773614
8/14/18,8,14,2018,40,Ccarp,625,98212605177,3592,9:30 AM,,,773592
8/14/18,8,14,2018,41,Ccarp,492,98212605177,3651,,,,773651
8/14/18,8,14,2018,41,Ccarp,587,98212605177,3666,,,,773666
8/14/18,8,14,2018,42,Ccarp,601,98212605177,3635,,,,773635
8/14/18,8,14,2018,42,Ccarp,611,98212605177,3643,,,,773643
8/14/18,8,14,2018,43,Ccarp,400,98212605177,3667,,,,773667
8/14/18,8,14,2018,44,Ccarp,485,98212605177,3638,,,,773638
8/14/18,8,14,2018,44,Ccarp,578,98212605177,3646,,,,773646
8/14/18,8,14,2018,19,Ccarp,586,98212605177,3601,,,,773601
8/14/18,8,14,2018,19,Ccarp,618,98212605177,3607,,,,773607
8/14/18,8,14,2018,19,Ccarp,611,98212605177,3610,,,,773610
8/14/18,8,14,2018,19,Ccarp,668,98212605177,3619,,,,773619
8/16/18,8,16,2018,38,Ccarp,133,90022600025,3055,,,,253055
8/16/18,8,16,2018,38,Ccarp,111,98212605177,3282,,,,773282
8/16/18,8,16,2018,38,Ccarp,116,98212605177,3288,,,,773288
8/16/18,8,16,2018,38,Ccarp,136,98212605177,3294,,,,773294
8/16/18,8,16,2018,38,Ccarp,105,98212605177,3356,,,,773356
8/16/18,8,16,2018,40,Ccarp,138,98212605177,3579,,,,773579
8/17/18,8,17,2018,23,Ccarp,445,98212605177,4578,,,,774578
8/17/18,8,17,2018,23,Ccarp,553,98212605177,4596,,,,774596
8/17/18,8,17,2018,23,Ccarp,435,98212605177,4655,,,,774655
8/17/18,8,17,2018,23,Ccarp,527,98212605177,4656,,,,774656
8/17/18,8,17,2018,37,Ccarp,660,98212605177,3866,,,,773866
8/17/18,8,17,2018,24,Ccarp,476,98212605177,4586,,,,774586
8/17/18,8,17,2018,24,Ccarp,645,98212605177,4595,,,,774595
8/17/18,8,17,2018,24,Ccarp,463,98212605177,4612,,,,774612
8/17/18,8,17,2018,24,Ccarp,625,98212605177,4693,,,,774693
8/17/18,8,17,2018,25,Ccarp,463,98212605177,4574,,,,774574
8/17/18,8,17,2018,25,Ccarp,590,98212605177,4599,,,,774599
8/17/18,8,17,2018,21,Ccarp,590,98212605177,4645,,,,774645
8/17/18,8,17,2018,21,Ccarp,536,98212605177,4654,,,,774654
8/17/18,8,17,2018,32,Ccarp,125,98212605177,4582,,,,774582
8/17/18,8,17,2018,32,Ccarp,125,98212605177,4600,,,,774600
8/17/18,8,17,2018,32,Ccarp,500,98212605177,4603,,,,774603
8/17/18,8,17,2018,32,Ccarp,126,98212605177,4629,,,,774629
8/17/18,8,17,2018,32,Ccarp,84,98212605177,4642,,,,774642
8/17/18,8,17,2018,32,Ccarp,120,98212605177,4644,,,,774644
8/17/18,8,17,2018,32,Ccarp,440,98212605177,4661,,,,774661
8/17/18,8,17,2018,32,Ccarp,125,98212605177,4663,,,,774663
8/17/18,8,17,2018,43,Ccarp,470,98212605177,4760,,,,774760
8/17/18,8,17,2018,43,Ccarp,550,98212605177,4764,,,,774764
8/20/18,8,20,2018,11,Ccarp,600,98212605177,3778,,,,773778
8/20/18,8,20,2018,11,Ccarp,507,98212605177,3786,,,,773786
8/20/18,8,20,2018,11,Ccarp,621,98212605177,3805,,,,773805
8/20/18,8,20,2018,11,Ccarp,586,98212605177,3806,,,,773806
8/20/18,8,20,2018,11,Ccarp,587,98212605177,3816,,,,773816
8/20/18,8,20,2018,11,Ccarp,510,98212605177,3822,,,,773822
8/20/18,8,20,2018,11,Ccarp,573,98212605177,3842,,,,773842
8/20/18,8,20,2018,12,Ccarp,143,98212605177,3503,,,,773503
8/20/18,8,20,2018,12,Ccarp,585,98212605177,3555,,,,773555
8/20/18,8,20,2018,12,Ccarp,645,98212605177,3659,,,,773659
8/21/18,8,21,2018,1,Ccarp,546,98212605177,3513,,,,773513
8/21/18,8,21,2018,1,Ccarp,496,98212605177,3534,,,,773534
8/21/18,8,21,2018,1,Ccarp,643,98212605177,3545,,,,773545
8/21/18,8,21,2018,1,Ccarp,610,98212605177,3773,,,,773773
8/21/18,8,21,2018,1,Ccarp,653,98212605177,3808,,,,773808
8/21/18,8,21,2018,1,Ccarp,516,98212605177,3830,,,,773830
8/21/18,8,21,2018,1,Ccarp,631,98212605177,3846,,,,773846
8/21/18,8,21,2018,2,Ccarp,570,98212605177,3508,,,,773508
8/21/18,8,21,2018,2,Ccarp,532,98212605177,3529,,,,773529
8/21/18,8,21,2018,2,Ccarp,455,98212605177,3826,,,,773826
8/21/18,8,21,2018,3,Ccarp,517,98212605177,3372,,,,773372
8/21/18,8,21,2018,3,Ccarp,539,98212605177,3432,,,,773432
8/21/18,8,21,2018,3,Ccarp,608,98212605177,3445,,,,773445
8/21/18,8,21,2018,3,Ccarp,572,98212605177,3446,,,,773446
8/21/18,8,21,2018,3,Ccarp,555,98212605177,3461,,,,773461
8/21/18,8,21,2018,23,Ccarp,562,90022600025,3037,,,,253037
8/21/18,8,21,2018,23,Ccarp,564,98212605177,3370,,,,773370
8/21/18,8,21,2018,23,Ccarp,435,98212605177,3402,,,,773402
8/21/18,8,21,2018,23,Ccarp,482,98212605177,3426,,,,773426
8/21/18,8,21,2018,32,Ccarp,424,98212605177,3374,,,,773374
8/21/18,8,21,2018,32,Ccarp,541,98212605177,3375,,,,773375
8/21/18,8,21,2018,32,Ccarp,544,98212605177,3399,,,,773399
8/21/18,8,21,2018,32,Ccarp,443,98212605177,4442,,,,774442
8/21/18,8,21,2018,40,Ccarp,551,98212605177,3467,,,,773467
8/21/18,8,21,2018,45,Ccarp,462,90022600017,2570,,,,172570
8/21/18,8,21,2018,45,Ccarp,485,98212605177,3393,,,,773393
8/21/18,8,21,2018,45,Ccarp,568,98212605177,3411,,,,773411
8/22/18,8,22,2018,12,Ccarp,563,98212605177,4775,,,,774775
8/22/18,8,22,2018,12,Ccarp,585,98212605177,4822,,,,774822
8/22/18,8,22,2018,22,Ccarp,555,98212605177,4768,,,,774768
8/22/18,8,22,2018,22,Ccarp,646,98212605177,4774,,,,774774
8/22/18,8,22,2018,22,Ccarp,612,98212605177,4812,,,,774812
8/22/18,8,22,2018,22,Ccarp,,98212605177,4816,,,,774816
8/22/18,8,22,2018,22,Ccarp,532,98212605177,4821,,,,774821
8/22/18,8,22,2018,22,Ccarp,630,98212605177,4830,,,,774830
8/22/18,8,22,2018,22,Ccarp,660,98212605177,4836,,,,774836
8/22/18,8,22,2018,22,Ccarp,620,98212605177,4838,,,,774838
8/22/18,8,22,2018,22,Ccarp,604,98212605177,4857,,,,774857
8/22/18,8,22,2018,44,Ccarp,740,98212605177,4796,,,,774796
8/22/18,8,22,2018,16,Ccarp,600,98212605177,4823,,,,774823
8/22/18,8,22,2018,16,Ccarp,602,98212605177,4782,,,,774782
8/22/18,8,22,2018,16,Ccarp,623,98212605177,4783,,,,774783
8/22/18,8,22,2018,16,Ccarp,603,98212605177,4815,,,,774815
8/22/18,8,22,2018,16,Ccarp,615,98212605177,4825,,,,774825
8/22/18,8,22,2018,16,Ccarp,610,98212605177,4804,,,,774804
8/22/18,8,22,2018,16,Ccarp,607,98212605177,4804,,,,774804
8/22/18,8,22,2018,16,Ccarp,585,98212605177,4808,,,,774808
8/22/18,8,22,2018,16,Ccarp,540,98212605177,4771,,,,774771
8/22/18,8,22,2018,16,Ccarp,560,98212605177,4810,,,,774810
8/22/18,8,22,2018,16,Ccarp,488,98212605177,4849,,,,774849
8/22/18,8,22,2018,23,Ccarp,430,98212605177,4816,,,,774816
8/22/18,8,22,2018,23,Ccarp,570,98212605177,4817,,,,774817
8/22/18,8,22,2018,23,Ccarp,170,98212605177,4779,,,,774779
8/22/18,8,22,2018,23,Ccarp,148,98212605177,4781,,,,774781
8/22/18,8,22,2018,26,Ccarp,445,98212605177,4787,,,,774787
8/27/18,8,27,2018,35,Ccarp,485,98212605177,3484,,,,773484
8/27/18,8,27,2018,35,Ccarp,496,98212605177,3517,,,,773517
8/27/18,8,27,2018,35,Ccarp,425,98212605177,5015,,,,775015
8/27/18,8,27,2018,35,Ccarp,490,,611081,,,,611081
8/27/18,8,27,2018,35,Ccarp,585,,611082,,,,611082
8/27/18,8,27,2018,35,Ccarp,456,,611083,,,,611083
8/27/18,8,27,2018,35,Ccarp,489,,611084,,,,611084
8/27/18,8,27,2018,35,Ccarp,650,,611085,,,,611085
8/27/18,8,27,2018,39,Ccarp,515,98212605177,4971,,,,774971
8/27/18,8,27,2018,39,Ccarp,455,98212605177,4981,,,,774981
8/27/18,8,27,2018,39,Ccarp,566,,611086,,,,611086
8/27/18,8,27,2018,39,Ccarp,623,,611087,,23.8,,611087
8/27/18,8,27,2018,39,Ccarp,484,,611096,,,,611096
8/27/18,8,27,2018,39,Ccarp,434,,611097,,,,611097
8/27/18,8,27,2018,39,Ccarp,592,,611098,,,,611098
8/27/18,8,27,2018,48,Ccarp,645,,611088,,,,611088
8/27/18,8,27,2018,48,Ccarp,527,,611089,,,,611089
8/27/18,8,27,2018,48,Ccarp,595,,611093,,,,611093
8/27/18,8,27,2018,48,Ccarp,485,,611094,,,,611094
8/27/18,8,27,2018,48,Ccarp,622,,611095,,,,611095
8/28/18,8,28,2018,1,Ccarp,482,98212605177,3511,,,,773511
8/28/18,8,28,2018,1,Ccarp,638,,611079,,,,611079
8/28/18,8,28,2018,1,Ccarp,617,,611080,,,,611080
8/28/18,8,28,2018,1,Ccarp,525,,611090,,,,611090
8/28/18,8,28,2018,1,Ccarp,485,,611091,,,,611091
8/28/18,8,28,2018,1,Ccarp,636,,611092,,,,611092
8/28/18,8,28,2018,13,Ccarp,522,98212605177,3497,,,,773497
8/28/18,8,28,2018,13,Ccarp,465,98212605177,3512,,,,773512
8/28/18,8,28,2018,13,Ccarp,571,98212605177,5054,,,,775054
8/28/18,8,28,2018,13,Ccarp,658,,611074,,,,611074
8/28/18,8,28,2018,13,Ccarp,587,,611075,,,,611075
8/28/18,8,28,2018,13,Ccarp,606,,611076,,,,611076
8/28/18,8,28,2018,13,Ccarp,610,,611077,,,,611077
8/28/18,8,28,2018,13,Ccarp,571,,611078,,,,611078
8/30/18,8,30,2018,1,Ccarp,755,98212605177,3468,,,,773468
8/30/18,8,30,2018,1,Ccarp,608,98212605177,3470,,,,773470
8/30/18,8,30,2018,1,Ccarp,575,98212605177,3477,,,,773477
8/30/18,8,30,2018,1,Ccarp,605,98212605177,3492,,,,773492
8/30/18,8,30,2018,1,Ccarp,593,98212605177,3499,,,,773499
8/30/18,8,30,2018,1,Ccarp,532,,611070,,,,611070
8/30/18,8,30,2018,35,Ccarp,445,98212605177,3476,,,,773476
8/30/18,8,30,2018,35,Ccarp,500,98212605177,3491,,,,773491
8/30/18,8,30,2018,35,Ccarp,540,98212605177,3523,,,,773523
8/30/18,8,30,2018,35,Ccarp,580,,611068,,,,611068
8/30/18,8,30,2018,35,Ccarp,722,,611069,,,,611069
8/30/18,8,30,2018,39,Ccarp,580,98212605177,3509,,,,773509
8/30/18,8,30,2018,39,Ccarp,590,98212605177,3538,,,,773538
8/30/18,8,30,2018,39,Ccarp,650,,611071,,,,611071
8/30/18,8,30,2018,48,Ccarp,580,98212605177,3471,,,,773471
8/30/18,8,30,2018,48,Ccarp,650,98212605177,3486,,,,773486
8/30/18,8,30,2018,48,Ccarp,610,98212605177,3567,,,,773567
8/30/18,8,30,2018,48,Ccarp,455,,611072,,,,611072
8/16/18,8,16,2018,40,GRNsun,126,98212605177,3629,,,,773629
8/16/18,8,16,2018,38,HybridSun,150,98212605177,3313,,,,773313
8/16/18,8,16,2018,38,HybridSun,138,98212605177,3343,,,,773343
8/16/18,8,16,2018,40,HybridSun,152,98212605177,3352,,,,773352
8/16/18,8,16,2018,40,HybridSun,140,98212605177,3581,,,,773581
8/17/18,8,17,2018,32,HybridSun,105,98212605177,4618,,,,774618
7/30/18,7,30,2018,1,LMB,210,98212605177,4285,,,,774285
8/13/18,8,13,2018,38,LMB,215,98212605177,3670,,,,773670
8/13/18,8,13,2018,38,LMB,420,98212605177,3675,,,,773675
8/13/18,8,13,2018,38,LMB,246,98212605177,3734,,,,773734
8/13/18,8,13,2018,38,LMB,280,98212605177,3752,,,,773752
8/13/18,8,13,2018,38,LMB,205,98212605177,3758,,,,773758
8/13/18,8,13,2018,38,LMB,302,98212605177,3767,,,,773767
8/14/18,8,14,2018,7,LMB,275,98212605177,3618,,,,773618
8/14/18,8,14,2018,7,LMB,295,98212605177,3633,,,,773633
8/14/18,8,14,2018,12,LMB,255,98212605177,3575,,,,773575
8/14/18,8,14,2018,12,LMB,364,98212605177,3636,,,,773636
8/14/18,8,14,2018,12,LMB,285,98212605177,3647,,,,773647
8/14/18,8,14,2018,12,LMB,260,98212605177,3648,,,,773648
8/14/18,8,14,2018,16,LMB,321,98212605177,3596,,,,773596
8/14/18,8,14,2018,29,LMB,266,98212605177,3584,,,,773584
8/14/18,8,14,2018,43,LMB,265,98212605177,3631,,,,773631
8/14/18,8,14,2018,43,LMB,390,98212605177,3665,,,,773665
8/14/18,8,14,2018,10,LMB,365,98212605177,3636,,,,773636
8/14/18,8,14,2018,19,LMB,310,98212605177,3602,,,,773602
8/14/18,8,14,2018,19,LMB,260,98212605177,4624,,,,774624
8/16/18,8,16,2018,38,LMB,243,98212605177,3303,,,,773303
8/17/18,8,17,2018,23,LMB,326,98212605177,4568,,,,774568
8/17/18,8,17,2018,23,LMB,360,98212605177,4614,,,,774614
8/17/18,8,17,2018,23,LMB,354,98212605177,4666,,,,774666
8/17/18,8,17,2018,42,LMB,333,98212605177,3815,,,,773815
8/17/18,8,17,2018,24,LMB,364,98212605177,4573,,,,774573
8/17/18,8,17,2018,24,LMB,220,98212605177,4625,,,,774625
8/17/18,8,17,2018,24,LMB,475,98212605177,4665,,,,774665
8/17/18,8,17,2018,25,LMB,241,98212605177,3829,,,,773829
8/17/18,8,17,2018,25,LMB,281,98212605177,3852,,,,773852
8/17/18,8,17,2018,25,LMB,278,98212605177,3865,,,,773865
8/17/18,8,17,2018,25,LMB,315,98212605177,4584,,,,774584
8/17/18,8,17,2018,25,LMB,280,98212605177,4647,,,,774647
8/20/18,8,20,2018,11,LMB,211,98212605177,3775,,,,773775
8/20/18,8,20,2018,11,LMB,230,98212605177,3781,,,,773781
8/20/18,8,20,2018,11,LMB,204,98212605177,3795,,,,773795
8/20/18,8,20,2018,11,LMB,287,98212605177,3797,,,,773797
8/20/18,8,20,2018,11,LMB,216,98212605177,3812,,,,773812
8/20/18,8,20,2018,12,LMB,222,98212605177,3518,,,,773518
8/21/18,8,21,2018,1,LMB,210,98212605177,3549,,,,773549
8/21/18,8,21,2018,1,LMB,216,98212605177,3845,,,,773845
8/21/18,8,21,2018,3,LMB,236,98212605177,3396,,,,773396
8/21/18,8,21,2018,3,LMB,340,98212605177,3438,,,,773438
8/21/18,8,21,2018,3,LMB,236,98212605177,3452,,,,773452
8/21/18,8,21,2018,3,LMB,302,98212605177,3463,,,,773463
8/21/18,8,21,2018,3,LMB,306,98212605177,3465,,,,773465
8/21/18,8,21,2018,32,LMB,223,98212605177,3395,,,,773395
8/21/18,8,21,2018,32,LMB,350,98212605177,3434,,,,773434
8/21/18,8,21,2018,32,LMB,280,98212605177,3440,,,,773440
8/21/18,8,21,2018,32,LMB,257,98212605177,3451,,,,773451
8/21/18,8,21,2018,32,LMB,295,98212605177,3462,,,,773462
8/21/18,8,21,2018,32,LMB,383,98212605177,3526,,,,773526
8/21/18,8,21,2018,32,LMB,482,98212605177,3548,,,,773548
8/21/18,8,21,2018,40,LMB,246,98212605177,3373,,,,773373
8/21/18,8,21,2018,40,LMB,227,98212605177,3387,,,,773387
8/21/18,8,21,2018,40,LMB,252,98212605177,3394,,,,773394
8/21/18,8,21,2018,45,LMB,370,98212605177,3412,,,,773412
8/22/18,8,22,2018,23,LMB,270,98212605177,4833,,,,774833
8/22/18,8,22,2018,23,LMB,292,98212605177,4845,,,,774845
8/22/18,8,22,2018,26,LMB,442,98212605177,4846,,,,774846
8/16/18,8,16,2018,38,Pumpkinseed,105,98212605177,3279,,,,773279
8/17/18,8,17,2018,32,Pumpkinseed,100,98212605177,4664,,,,774664
8/17/18,8,17,2018,43,Pumpkinseed,105,98212605177,4730,,,,774730
8/2/18,8,2,2018,42,Quilback,485,98212605177,4152,10:23 AM,,,774152
8/8/18,8,8,2018,42,Quilback,490,98212605177,4008,,,,774008
8/10/18,8,10,2018,42,Quilback,500,98212605177,4233,,,,774233
7/31/18,7,31,2018,26,Sheepshead,478,98212605177,3870,,,,773870
8/1/18,8,1,2018,35,Sheepshead,445,98212605177,4139,,,,774139
8/8/18,8,8,2018,43,Sheepshead,465,98212605177,4019,,,,774019
8/9/18,8,9,2018,9,Sheepshead,285,98212605177,4041,10:27 AM,,,774041
8/9/18,8,9,2018,12,Sheepshead,460,98212605177,4246,,,,774246
8/14/18,8,14,2018,13,Sheepshead,430,98212605177,3606,,,,773606
8/22/18,8,22,2018,12,Sheepshead,365,98212605177,4818,,,,774818
8/22/18,8,22,2018,21,Sheepshead,125,98212605177,4807,,,,774807
8/22/18,8,22,2018,21,Sheepshead,205,98212605177,4839,,,,774839
8/22/18,8,22,2018,21,Sheepshead,128,98212605177,4843,,,,774843
8/30/18,8,30,2018,39,Sheepshead,355,98212605177,3480,,,,773480
7/30/18,7,30,2018,1,WS,337,98212605177,4307,10:15 AM,,,774307
7/30/18,7,30,2018,3,WS,422,98212605177,4282,,,,774282
7/30/18,7,30,2018,9,WS,295,98212605177,3943,,,,773943
7/30/18,7,30,2018,9,WS,391,98212605177,3967,,,,773967
7/30/18,7,30,2018,10,WS,355,98212605177,3913,,,,773913
7/30/18,7,30,2018,12,WS,364,98212605177,3868,,,,773868
7/30/18,7,30,2018,12,WS,446,98212605177,3903,,,,773903
7/30/18,7,30,2018,12,WS,403,98212605177,3929,,,,773929
7/30/18,7,30,2018,12,WS,446,98212605177,3937,,,,773937
7/30/18,7,30,2018,12,WS,360,98212605177,3959,,,,773959
7/30/18,7,30,2018,12,WS,377,98212605177,3960,,,,773960
7/30/18,7,30,2018,13,WS,354,98212605177,3905,,,,773905
7/30/18,7,30,2018,14,WS,399,98212605177,3901,,,,773901
7/30/18,7,30,2018,14,WS,451,98212605177,3909,,,,773909
7/30/18,7,30,2018,14,WS,291,98212605177,3914,,,,773914
7/30/18,7,30,2018,14,WS,372,98212605177,3925,,,,773925
7/30/18,7,30,2018,14,WS,385,98212605177,3941,,,,773941
7/30/18,7,30,2018,15,WS,340,98212605177,3910,,,,773910
7/31/18,7,31,2018,17,WS,371,98212605177,3962,,,,773962
7/31/18,7,31,2018,18,WS,368,98212605177,3931,,,,773931
7/31/18,7,31,2018,18,WS,327,98212605177,3952,,,,773952
7/31/18,7,31,2018,19,WS,384,98212605177,3878,,,,773878
7/31/18,7,31,2018,19,WS,351,98212605177,3923,,,,773923
7/31/18,7,31,2018,20,WS,380,98212605177,3894,,,,773894
7/31/18,7,31,2018,21,WS,342,98212605177,3871,,,,773871
7/31/18,7,31,2018,24,WS,362,98212605177,3899,,,,773899
7/31/18,7,31,2018,25,WS,378,98212605177,3892,,,,773892
7/31/18,7,31,2018,25,WS,415,98212605177,3907,,,,773907
7/31/18,7,31,2018,26,WS,363,98212605177,3873,11:07 AM,27.2,,773873
7/31/18,7,31,2018,26,WS,418,98212605177,3884,,,,773884
7/31/18,7,31,2018,26,WS,309,98212605177,3890,,,,773890
7/31/18,7,31,2018,26,WS,348,98212605177,3893,,,,773893
7/31/18,7,31,2018,26,WS,412,98212605177,3904,,,,773904
7/31/18,7,31,2018,26,WS,456,98212605177,3918,,,,773918
7/31/18,7,31,2018,26,WS,362,98212605177,3919,,,,773919
7/31/18,7,31,2018,27,WS,384,98212605177,3955,11:50 AM,,,773955
7/31/18,7,31,2018,28,WS,416,98212605177,3875,,,,773875
8/1/18,8,1,2018,30,WS,320,98212605177,3963,,,,773963
8/1/18,8,1,2018,31,WS,390,98212605177,3869,8:55 AM,25.6,,773869
8/1/18,8,1,2018,31,WS,342,98212605177,3920,,,,773920
8/1/18,8,1,2018,34,WS,385,98212605177,4097,,,,774097
8/1/18,8,1,2018,34,WS,378,98212605177,4163,,,,774163
8/1/18,8,1,2018,35,WS,394,98212605177,4157,11:07 AM,,,774157
8/2/18,8,2,2018,38,WS,379,98212605177,4113,,,,774113
8/2/18,8,2,2018,38,WS,349,98212605177,4117,,,,774117
8/2/18,8,2,2018,38,WS,393,98212605177,4127,8:54 AM,24.1,,774127
8/2/18,8,2,2018,40,WS,367,98212605177,4082,,,,774082
8/2/18,8,2,2018,40,WS,383,98212605177,4135,,,,774135
8/2/18,8,2,2018,41,WS,383,98212605177,4090,,,,774090
8/2/18,8,2,2018,43,WS,460,98212605177,4071,,,,774071
8/2/18,8,2,2018,46,WS,377,98212605177,4108,,,,774108
8/2/18,8,2,2018,46,WS,328,98212605177,4140,,,,774140
8/2/18,8,2,2018,47,WS,409,98212605177,4134,,,,774134
8/2/18,8,2,2018,48,WS,390,98212605177,4069,,,,774069
8/2/18,8,2,2018,48,WS,356,98212605177,4083,,,,774083
8/2/18,8,2,2018,48,WS,308,98212605177,4089,,,,774089
8/2/18,8,2,2018,48,WS,450,98212605177,4119,,,,774119
8/2/18,8,2,2018,48,WS,363,98212605177,4162,,,,774162
8/2/18,8,2,2018,49,WS,380,98212605177,3978,,,,773978
8/2/18,8,2,2018,49,WS,377,98212605177,4058,,,,774058
8/2/18,8,2,2018,50,WS,425,98212605177,4054,,,,774054
8/7/18,8,7,2018,3,WS,362,98212605177,4046,,,,774046
8/7/18,8,7,2018,5,WS,356,98212605177,4003,,,,774003
8/7/18,8,7,2018,6,WS,438,98212605177,4145,,,,774145
8/8/18,8,8,2018,41,WS,431,98212605177,4062,8:35 AM,,,774062
8/8/18,8,8,2018,44,WS,355,98212605177,3993,,,,773993
8/8/18,8,8,2018,46,WS,380,98212605177,4005,,,,774005
8/8/18,8,8,2018,47,WS,375,98212605177,3986,,25,,773986
8/9/18,8,9,2018,11,WS,378,98212605177,4237,,,,774237
8/9/18,8,9,2018,11,WS,370,98212605177,4241,,,,774241
8/9/18,8,9,2018,11,WS,366,98212605177,4263,,,,774263
8/9/18,8,9,2018,12,WS,410,98212605177,4010,,,,774010
8/9/18,8,9,2018,12,WS,470,98212605177,4211,,,,774211
8/9/18,8,9,2018,12,WS,503,98212605177,4235,,,,774235
8/9/18,8,9,2018,12,WS,295,98212605177,4249,12:31 PM,,,774249
8/9/18,8,9,2018,12,WS,315,98212605177,4252,,,,774252
8/9/18,8,9,2018,12,WS,345,98212605177,4254,,,,774254
8/9/18,8,9,2018,12,WS,355,98212605177,4257,,,,774257
8/9/18,8,9,2018,12,WS,481,98212605177,4261,,,,774261
8/9/18,8,9,2018,12,WS,350,98212605177,4267,,,,774267
8/9/18,8,9,2018,37,WS,450,98212605177,3975,,,,773975
8/9/18,8,9,2018,37,WS,365,98212605177,3984,,,,773984
8/9/18,8,9,2018,37,WS,366,98212605177,3987,,,,773987
8/9/18,8,9,2018,37,WS,463,98212605177,4002,,,,774002
8/9/18,8,9,2018,42,WS,415,98212605177,3977,,,,773977
8/10/18,8,10,2018,42,WS,380,98212605177,4168,,,,774168
8/13/18,8,13,2018,25,WS,372,98212605177,4044,,,,774044
8/13/18,8,13,2018,27,WS,355,98212605177,4172,,,,774172
8/13/18,8,13,2018,27,WS,365,98212605177,4195,,,,774195
8/13/18,8,13,2018,27,WS,305,98212605177,4200,,,,774200
8/13/18,8,13,2018,27,WS,355,98212605177,4203,,,,774203
8/13/18,8,13,2018,27,WS,366,98212605177,4224,,,,774224
8/13/18,8,13,2018,27,WS,386,98212605177,4227,,,,774227
8/13/18,8,13,2018,27,WS,362,98212605177,4234,,,,774234
8/13/18,8,13,2018,27,WS,365,98212605177,4256,,,,774256
8/14/18,8,14,2018,12,WS,434,98212605177,3599,,,,773599
8/14/18,8,14,2018,13,WS,385,98212605177,3640,,,,773640
8/14/18,8,14,2018,16,WS,398,98212605177,3571,,,,773571
8/14/18,8,14,2018,16,WS,368,98212605177,3604,,,,773604
8/14/18,8,14,2018,29,WS,406,98212605177,3621,,,,773621
8/14/18,8,14,2018,42,WS,368,98212605177,3590,,,,773590
8/14/18,8,14,2018,10,WS,358,98212605177,3598,,,,773598
8/14/18,8,14,2018,10,WS,397,98212605177,3622,,,,773622
8/14/18,8,14,2018,10,WS,425,98212605177,3641,,,,773641
8/14/18,8,14,2018,10,WS,305,98212605177,3652,,,,773652
8/14/18,8,14,2018,10,WS,336,98212605177,3658,,,,773658
8/14/18,8,14,2018,10,WS,320,98212605177,3628,,,,773628
8/14/18,8,14,2018,19,WS,444,98212605177,3583,,,,773583
8/17/18,8,17,2018,24,WS,368,98212605177,4571,,,,774571
8/17/18,8,17,2018,24,WS,337,98212605177,4572,,,,774572
8/17/18,8,17,2018,24,WS,388,98212605177,4590,,,,774590
8/17/18,8,17,2018,25,WS,375,98212605177,4591,,,,774591
8/17/18,8,17,2018,21,WS,181,98212605177,4632,,,,774632
8/17/18,8,17,2018,21,WS,322,98212605177,4763,,,,774763
8/17/18,8,17,2018,32,WS,380,98212605177,4580,,,,774580
8/17/18,8,17,2018,43,WS,415,98212605177,4745,,,,774745
8/20/18,8,20,2018,11,WS,367,98212605177,3768,,,,773768
8/20/18,8,20,2018,11,WS,321,98212605177,3769,,,,773769
8/20/18,8,20,2018,11,WS,243,98212605177,3782,,,,773782
8/20/18,8,20,2018,11,WS,339,98212605177,3809,,,,773809
8/20/18,8,20,2018,11,WS,383,98212605177,3811,,,,773811
8/20/18,8,20,2018,11,WS,346,98212605177,3834,,,,773834
8/20/18,8,20,2018,11,WS,371,98212605177,3844,,,,773844
8/20/18,8,20,2018,11,WS,375,98212605177,3854,,,,773854
8/20/18,8,20,2018,11,WS,394,98212605177,3855,,,,773855
8/20/18,8,20,2018,12,WS,460,98212605177,3800,,,,773800
8/21/18,8,21,2018,1,WS,421,98212605177,3563,,,,773563
8/21/18,8,21,2018,1,WS,431,98212605177,3801,,,,773801
8/21/18,8,21,2018,2,WS,335,98212605177,3524,,,,773524
8/21/18,8,21,2018,2,WS,362,98212605177,3543,,,,773543
8/21/18,8,21,2018,3,WS,423,98212605177,3369,,,,773369
8/21/18,8,21,2018,3,WS,476,98212605177,3398,,,,773398
8/21/18,8,21,2018,3,WS,493,98212605177,3443,,,,773443
8/21/18,8,21,2018,3,WS,425,98212605177,3444,,,,773444
8/21/18,8,21,2018,23,WS,406,98212605177,3388,,,,773388
8/21/18,8,21,2018,32,WS,437,98212605177,3376,,,,773376
8/22/18,8,22,2018,12,WS,346,98212605177,4719,,,,774719
8/22/18,8,22,2018,12,WS,362,98212605177,4776,,,,774776
8/22/18,8,22,2018,12,WS,348,98212605177,4813,,,,774813
8/22/18,8,22,2018,12,WS,421,98212605177,4842,,,,774842
8/22/18,8,22,2018,23,WS,360,98212605177,4835,,,,774835
8/22/18,8,22,2018,26,WS,350,98212605177,4834,,,,774834
8/22/18,8,22,2018,26,WS,318,98212605177,4837,,,,774837
8/22/18,8,22,2018,26,WS,421,98212605177,4809,,,,774809
8/22/18,8,22,2018,26,WS,380,98212605177,3391,,,,773391
8/22/18,8,22,2018,26,WS,400,98212605177,4795,,,,774795
8/27/18,8,27,2018,39,WS,380,98212605177,3487,,,,773487
8/27/18,8,27,2018,39,WS,352,98212605177,3530,,,,773530
8/27/18,8,27,2018,39,WS,410,98212605177,3554,10:45,,,773554
8/27/18,8,27,2018,48,WS,369,98212605177,3493,,,,773493
8/27/18,8,27,2018,48,WS,352,98212605177,3496,,,,773496
8/27/18,8,27,2018,48,WS,391,98212605177,3561,,,,773561
8/27/18,8,27,2018,48,WS,370,98212605177,3564,,,,773564
8/28/18,8,28,2018,1,WS,342,98212605177,3533,,,,773533
8/28/18,8,28,2018,13,WS,460,98212605177,3505,,,,773505
8/28/18,8,28,2018,13,WS,445,98212605177,3507,,,,773507
8/28/18,8,28,2018,13,WS,410,98212605177,5061,,,,775061
8/30/18,8,30,2018,35,WS,366,98212605177,3475,,,,773475
8/30/18,8,30,2018,35,WS,365,98212605177,3510,,,,773510
8/30/18,8,30,2018,39,WS,395,98212605177,3474,,,,773474
8/30/18,8,30,2018,39,WS,378,98212605177,3483,,,,773483
8/30/18,8,30,2018,39,WS,385,98212605177,3502,,,,773502
8/30/18,8,30,2018,39,WS,390,98212605177,3527,,,,773527
8/30/18,8,30,2018,48,WS,380,98212605177,3472,,,,773472
8/16/18,8,16,2018,38,Y_Bullhead,213,98212605177,3268,,,,773268
8/16/18,8,16,2018,38,Y_Bullhead,155,98212605177,3290,,,,773290
8/16/18,8,16,2018,38,Y_Bullhead,190,98212605177,3296,,,,773296
8/16/18,8,16,2018,38,Y_Bullhead,220,98212605177,3310,,,,773310
8/16/18,8,16,2018,38,Y_Bullhead,230,98212605177,3333,,,,773333
8/16/18,8,16,2018,40,Y_Bullhead,200,98212605177,3320,,,,773320
8/16/18,8,16,2018,40,Y_Bullhead,180,98212605177,3334,,,,773334
8/16/18,8,16,2018,40,Y_Bullhead,250,98212605177,3351,,,,773351
8/17/18,8,17,2018,32,Y_Bullhead,205,98212605177,4597,,,,774597
8/17/18,8,17,2018,32,Y_Bullhead,248,98212605177,4611,,,,774611
8/17/18,8,17,2018,32,Y_Bullhead,200,98212605177,4616,,,,774616
8/17/18,8,17,2018,32,Y_Bullhead,180,98212605177,4619,,,,774619
8/17/18,8,17,2018,32,Y_Bullhead,240,98212605177,4637,,,,774637
8/17/18,8,17,2018,32,Y_Bullhead,210,98212605177,4638,,,,774638
8/17/18,8,17,2018,32,Y_Bullhead,290,98212605177,4624,,,,774624
8/17/18,8,17,2018,43,Y_Bullhead,270,98212605177,3298,,,,773298
8/17/18,8,17,2018,43,Y_Bullhead,240,98212605177,3342,,,,773342
8/17/18,8,17,2018,43,Y_Bullhead,195,98212605177,4724,,,,774724
8/17/18,8,17,2018,43,Y_Bullhead,200,98212605177,4748,,,,774748
8/17/18,8,17,2018,43,Y_Bullhead,230,98212605177,4750,,,,774750
8/17/18,8,17,2018,43,Y_Bullhead,240,98212605177,4758,,,,774758
8/17/18,8,17,2018,43,Y_Bullhead,211,98212605177,4767,,,,774767
8/21/18,8,21,2018,3,Y_Bullhead,206,98212605177,3404,,,,773404
8/21/18,8,21,2018,3,Y_Bullhead,224,98212605177,3458,,,,773458
8/21/18,8,21,2018,23,Y_Bullhead,225,98212605177,3406,,,,773406
8/21/18,8,21,2018,23,Y_Bullhead,166,98212605177,3433,,,,773433
8/21/18,8,21,2018,23,Y_Bullhead,194,98212605177,4850,,,,774850
8/21/18,8,21,2018,23,Y_Bullhead,201,98212605177,4865,,,,774865
8/21/18,8,21,2018,45,Y_Bullhead,195,98212605177,3377,,,,773377
8/22/18,8,22,2018,26,Y_Bullhead,205,98212605177,4856,,,,774856
8/13/18,8,13,2018,38,Y_perch,162,98212605177,3681,,,,773681
8/16/18,8,16,2018,38,Y_perch,165,98212605177,3326,,,,773326
8/16/18,8,16,2018,38,Y_perch,160,98212605177,3357,,,,773357
8/16/18,8,16,2018,40,Y_perch,170,98212605177,3597,,,,773597
8/20/18,8,20,2018,11,Y_perch,156,98212605177,3772,,,,773772
8/20/18,8,20,2018,11,Y_perch,150,98212605177,3832,,,,773832
8/21/18,8,21,2018,1,Y_perch,179,98212605177,3532,,,,773532
8/21/18,8,21,2018,1,Y_perch,146,98212605177,3862,,,,773862
8/21/18,8,21,2018,32,Y_perch,143,98212605177,3427,,,,773427
8/21/18,8,21,2018,32,Y_perch,162,98212605177,3447,,,,773447